order_id,customer_id,order_date,amount,product,quantity
ORD000081,customer00010@example.com,2023-07-11,38.99,Espresso blend 1kg,1
ORD002167,customer00343@example.com,2023-07-12,63.52,Gift set,1
ORD003298,customer00738@example.com,2023-07-12,73.33,Travel tumbler,2
ORD002493,customer00423@example.com,2023-07-12,23.53,Cold brew bottle,1
ORD002317,customer00377@example.com,2023-07-12,25.52,Travel tumbler,1
ORD003485,customer00764@example.com,2023-07-13,89.78,Travel tumbler,2
ORD002337,customer00382@example.com,2023-07-13,118.45,Gift set,2
ORD003393,customer00751@example.com,2023-07-14,129.87,Pour-over kit,2
ORD002235,customer00357@example.com,2023-07-14,70.82,Gift set,1
ORD002672,customer00538@example.com,2023-07-15,24.01,Ceramic mug,2
ORD000357,customer00041@example.com,2023-07-15,33.42,Travel tumbler,1
ORD000179,customer00022@example.com,2023-07-15,22.11,Single-origin beans 250g,1
ORD001968,customer00293@example.com,2023-07-17,25.65,Travel tumbler,1
ORD001514,customer00181@example.com,2023-07-18,31.85,Cold brew bottle,1
ORD002965,customer00688@example.com,2023-07-19,86.97,Travel tumbler,2
ORD002840,customer00663@example.com,2023-07-20,90.64,Espresso blend 1kg,3
ORD000321,customer00037@example.com,2023-07-20,67.57,Travel tumbler,2
ORD001749,customer00243@example.com,2023-07-21,36.82,Single-origin beans 250g,2
ORD001728,customer00238@example.com,2023-07-21,15.4,Single-origin beans 250g,1
ORD002926,customer00683@example.com,2023-07-21,278.67,Gift set,3
ORD000612,customer00068@example.com,2023-07-21,98.73,Travel tumbler,4
ORD003091,customer00706@example.com,2023-07-22,40.4,Travel tumbler,1
ORD001365,customer00153@example.com,2023-07-22,169.5,Gift set,2
ORD001765,customer00247@example.com,2023-07-23,205.03,Gift set,4
ORD002367,customer00391@example.com,2023-07-23,36.32,Pour-over kit,1
ORD001842,customer00265@example.com,2023-07-24,138.77,Pour-over kit,3
ORD000404,customer00046@example.com,2023-07-27,35.4,Travel tumbler,1
ORD002901,customer00680@example.com,2023-07-27,188.32,Espresso blend 1kg,3
ORD003185,customer00721@example.com,2023-07-27,76.44,Cold brew bottle,2
ORD001366,customer00153@example.com,2023-07-27,53.28,Pour-over kit,1
ORD002458,customer00414@example.com,2023-07-28,345.51,Gift set,5
ORD000426,customer00048@example.com,2023-07-28,52.53,Pour-over kit,1
ORD002712,customer00571@example.com,2023-07-29,32.76,Gift set,1
ORD003127,customer00712@example.com,2023-07-29,42.32,Cold brew bottle,1
ORD002912,customer00681@example.com,2023-07-30,59.39,Pour-over kit,1
ORD003299,customer00738@example.com,2023-07-30,111.29,Cold brew bottle,2
ORD002989,customer00691@example.com,2023-07-30,55.39,Single-origin beans 250g,2
ORD002470,customer00417@example.com,2023-07-30,63.75,Gift set,1
ORD000121,customer00015@example.com,2023-07-31,79.09,Gift set,1
ORD003310,customer00739@example.com,2023-07-31,38.06,Travel tumbler,1
ORD001367,customer00153@example.com,2023-08-01,116.86,Espresso blend 1kg,3
ORD001962,customer00292@example.com,2023-08-01,57.32,Cold brew bottle,2
ORD002878,customer00678@example.com,2023-08-02,225.39,Espresso blend 1kg,4
ORD003448,customer00759@example.com,2023-08-02,127.4,Pour-over kit,2
ORD000447,customer00050@example.com,2023-08-07,29.49,Travel tumbler,1
ORD003278,customer00734@example.com,2023-08-08,20.37,Single-origin beans 250g,1
ORD002186,customer00347@example.com,2023-08-08,21.83,Travel tumbler,1
ORD003339,customer00743@example.com,2023-08-08,66.19,Pour-over kit,1
ORD002990,customer00691@example.com,2023-08-10,269.16,Espresso blend 1kg,5
ORD003167,customer00719@example.com,2023-08-10,58.86,Ceramic mug,2
ORD003040,customer00698@example.com,2023-08-11,83.19,Pour-over kit,1
ORD002372,customer00394@example.com,2023-08-11,23.35,Ceramic mug,1
ORD001321,customer00148@example.com,2023-08-11,90.35,Single-origin beans 250g,4
ORD003367,customer00747@example.com,2023-08-12,63.47,Espresso blend 1kg,1
ORD000273,customer00032@example.com,2023-08-12,23.5,Ceramic mug,1
ORD001173,customer00132@example.com,2023-08-12,29.82,Travel tumbler,1
ORD002902,customer00680@example.com,2023-08-13,100.99,Gift set,1
ORD000201,customer00024@example.com,2023-08-13,91.07,Gift set,1
ORD002585,customer00471@example.com,2023-08-14,10.8,Single-origin beans 250g,1
ORD002502,customer00426@example.com,2023-08-14,63.98,Cold brew bottle,2
ORD001068,customer00121@example.com,2023-08-14,86.11,Gift set,1
ORD003300,customer00738@example.com,2023-08-16,216.14,Espresso blend 1kg,3
ORD003041,customer00698@example.com,2023-08-16,114.05,Cold brew bottle,2
ORD003009,customer00694@example.com,2023-08-16,22.26,Single-origin beans 250g,1
ORD003301,customer00738@example.com,2023-08-16,31.85,Travel tumbler,1
ORD000068,customer00009@example.com,2023-08-16,73.86,Ceramic mug,3
ORD003409,customer00754@example.com,2023-08-17,75.28,Travel tumbler,2
ORD000291,customer00034@example.com,2023-08-17,40.65,Cold brew bottle,1
ORD002162,customer00342@example.com,2023-08-17,172.7,Gift set,3
ORD001698,customer00231@example.com,2023-08-17,73.34,Travel tumbler,3
ORD001679,customer00227@example.com,2023-08-17,36.57,Espresso blend 1kg,1
ORD001121,customer00127@example.com,2023-08-17,41.7,Ceramic mug,2
ORD000452,customer00051@example.com,2023-08-17,112.98,Pour-over kit,2
ORD003400,customer00752@example.com,2023-08-17,19.3,Single-origin beans 250g,1
ORD000915,customer00105@example.com,2023-08-18,37.84,Cold brew bottle,1
ORD002970,customer00689@example.com,2023-08-18,71.87,Espresso blend 1kg,1
ORD003129,customer00713@example.com,2023-08-19,59.16,Espresso blend 1kg,1
ORD003017,customer00695@example.com,2023-08-19,26.68,Single-origin beans 250g,1
ORD002508,customer00428@example.com,2023-08-19,29.22,Single-origin beans 250g,2
ORD003368,customer00747@example.com,2023-08-20,52.21,Espresso blend 1kg,1
ORD002903,customer00680@example.com,2023-08-20,135.1,Espresso blend 1kg,2
ORD001440,customer00164@example.com,2023-08-20,40.99,Pour-over kit,1
ORD000122,customer00015@example.com,2023-08-20,167.71,Cold brew bottle,5
ORD003068,customer00703@example.com,2023-08-21,59.72,Espresso blend 1kg,1
ORD000813,customer00092@example.com,2023-08-23,186.68,Pour-over kit,4
ORD003042,customer00698@example.com,2023-08-25,60.0,Ceramic mug,2
ORD003463,customer00761@example.com,2023-08-27,310.45,Gift set,3
ORD002864,customer00676@example.com,2023-08-27,65.69,Espresso blend 1kg,1
ORD002047,customer00311@example.com,2023-08-27,20.79,Single-origin beans 250g,1
ORD003279,customer00734@example.com,2023-08-28,27.13,Ceramic mug,1
ORD003086,customer00705@example.com,2023-08-29,104.22,Gift set,1
ORD000696,customer00078@example.com,2023-08-29,36.39,Cold brew bottle,1
ORD002623,customer00499@example.com,2023-08-30,18.54,Travel tumbler,1
ORD003320,customer00740@example.com,2023-08-31,25.56,Single-origin beans 250g,1
ORD003394,customer00751@example.com,2023-08-31,74.57,Single-origin beans 250g,3
ORD002918,customer00682@example.com,2023-08-31,56.22,Single-origin beans 250g,2
ORD001174,customer00132@example.com,2023-09-01,45.67,Cold brew bottle,1
ORD001110,customer00126@example.com,2023-09-01,27.65,Cold brew bottle,1
ORD001785,customer00251@example.com,2023-09-01,77.31,Espresso blend 1kg,2
ORD003130,customer00713@example.com,2023-09-02,195.36,Gift set,2
ORD003370,customer00747@example.com,2023-09-03,94.36,Gift set,1
ORD001640,customer00215@example.com,2023-09-03,31.37,Espresso blend 1kg,1
ORD001696,customer00230@example.com,2023-09-03,19.82,Single-origin beans 250g,1
ORD001927,customer00286@example.com,2023-09-03,139.55,Travel tumbler,5
ORD000123,customer00015@example.com,2023-09-03,40.66,Single-origin beans 250g,2
ORD003369,customer00747@example.com,2023-09-03,54.26,Ceramic mug,2
ORD003311,customer00739@example.com,2023-09-03,99.66,Gift set,1
ORD003043,customer00698@example.com,2023-09-03,75.24,Pour-over kit,1
ORD002865,customer00676@example.com,2023-09-04,38.24,Travel tumbler,1
ORD003312,customer00739@example.com,2023-09-04,29.14,Ceramic mug,1
ORD003018,customer00695@example.com,2023-09-04,123.63,Espresso blend 1kg,2
ORD002879,customer00678@example.com,2023-09-04,48.2,Cold brew bottle,1
ORD002980,customer00690@example.com,2023-09-05,22.15,Single-origin beans 250g,1
ORD003107,customer00708@example.com,2023-09-05,58.49,Espresso blend 1kg,1
ORD003191,customer00722@example.com,2023-09-05,40.54,Cold brew bottle,1
ORD003387,customer00750@example.com,2023-09-05,47.41,Ceramic mug,2
ORD003313,customer00739@example.com,2023-09-06,66.51,Pour-over kit,1
ORD002946,customer00686@example.com,2023-09-06,130.32,Pour-over kit,2
ORD003371,customer00747@example.com,2023-09-07,199.4,Gift set,2
ORD003044,customer00698@example.com,2023-09-08,44.47,Cold brew bottle,1
ORD003213,customer00725@example.com,2023-09-08,24.86,Single-origin beans 250g,1
ORD003355,customer00745@example.com,2023-09-09,85.82,Ceramic mug,3
ORD002992,customer00691@example.com,2023-09-09,30.05,Ceramic mug,1
ORD002927,customer00683@example.com,2023-09-09,57.86,Espresso blend 1kg,1
ORD003252,customer00730@example.com,2023-09-09,23.35,Single-origin beans 250g,1
ORD002991,customer00691@example.com,2023-09-09,40.95,Travel tumbler,1
ORD003285,customer00735@example.com,2023-09-10,60.31,Espresso blend 1kg,1
ORD000382,customer00044@example.com,2023-09-10,241.02,Gift set,3
ORD003395,customer00751@example.com,2023-09-10,23.04,Single-origin beans 250g,1
ORD002744,customer00592@example.com,2023-09-10,60.28,Travel tumbler,4
ORD002890,customer00679@example.com,2023-09-11,20.54,Single-origin beans 250g,1
ORD002645,customer00516@example.com,2023-09-11,25.36,Single-origin beans 250g,2
ORD002732,customer00585@example.com,2023-09-11,21.15,Travel tumbler,1
ORD001663,customer00220@example.com,2023-09-11,38.51,Pour-over kit,1
ORD003069,customer00703@example.com,2023-09-11,137.9,Cold brew bottle,3
ORD001760,customer00246@example.com,2023-09-12,75.35,Pour-over kit,2
ORD002993,customer00691@example.com,2023-09-12,30.71,Ceramic mug,1
ORD003192,customer00722@example.com,2023-09-12,173.68,Gift set,2
ORD003314,customer00739@example.com,2023-09-12,86.51,Ceramic mug,3
ORD002880,customer00678@example.com,2023-09-13,275.44,Gift set,3
ORD003293,customer00737@example.com,2023-09-13,219.28,Espresso blend 1kg,4
ORD002813,customer00645@example.com,2023-09-14,17.35,Travel tumbler,1
ORD001809,customer00258@example.com,2023-09-14,31.47,Travel tumbler,1
ORD003001,customer00693@example.com,2023-09-14,189.07,Pour-over kit,3
ORD002866,customer00676@example.com,2023-09-15,42.23,Travel tumbler,1
ORD003321,customer00740@example.com,2023-09-15,76.82,Travel tumbler,2
ORD000244,customer00029@example.com,2023-09-15,30.54,Cold brew bottle,1
ORD002971,customer00689@example.com,2023-09-15,68.05,Espresso blend 1kg,1
ORD003019,customer00695@example.com,2023-09-16,69.48,Espresso blend 1kg,1
ORD003349,customer00744@example.com,2023-09-17,38.14,Travel tumbler,1
ORD002947,customer00686@example.com,2023-09-17,120.72,Gift set,1
ORD003234,customer00728@example.com,2023-09-17,55.14,Ceramic mug,2
ORD002228,customer00356@example.com,2023-09-17,28.65,Cold brew bottle,1
ORD002972,customer00689@example.com,2023-09-17,25.96,Single-origin beans 250g,1
ORD002956,customer00687@example.com,2023-09-17,106.03,Gift set,1
ORD000613,customer00068@example.com,2023-09-18,69.17,Ceramic mug,3
ORD003426,customer00756@example.com,2023-09-19,26.37,Single-origin beans 250g,1
ORD001958,customer00291@example.com,2023-09-19,13.21,Single-origin beans 250g,1
ORD002799,customer00633@example.com,2023-09-19,36.62,Pour-over kit,1
ORD000261,customer00031@example.com,2023-09-19,33.41,Travel tumbler,1
ORD003168,customer00719@example.com,2023-09-19,75.9,Pour-over kit,1
ORD003050,customer00700@example.com,2023-09-20,43.94,Travel tumbler,1
ORD003416,customer00755@example.com,2023-09-20,76.68,Travel tumbler,2
ORD003340,customer00743@example.com,2023-09-20,20.1,Single-origin beans 250g,1
ORD002254,customer00362@example.com,2023-09-21,38.45,Espresso blend 1kg,1
ORD000779,customer00087@example.com,2023-09-21,88.4,Gift set,1
ORD003116,customer00710@example.com,2023-09-22,300.71,Gift set,3
ORD003410,customer00754@example.com,2023-09-22,432.73,Gift set,4
ORD002867,customer00676@example.com,2023-09-22,101.26,Cold brew bottle,2
ORD003302,customer00738@example.com,2023-09-22,61.1,Espresso blend 1kg,1
ORD001879,customer00276@example.com,2023-09-22,73.66,Gift set,1
ORD002973,customer00689@example.com,2023-09-23,140.64,Travel tumbler,3
ORD001164,customer00131@example.com,2023-09-23,59.55,Travel tumbler,2
ORD003450,customer00760@example.com,2023-09-23,40.42,Travel tumbler,1
ORD002058,customer00316@example.com,2023-09-23,115.02,Pour-over kit,3
ORD003117,customer00710@example.com,2023-09-23,148.82,Espresso blend 1kg,3
ORD001940,customer00288@example.com,2023-09-23,137.48,Pour-over kit,3
ORD001858,customer00269@example.com,2023-09-23,38.04,Pour-over kit,1
ORD001704,customer00233@example.com,2023-09-23,92.53,Espresso blend 1kg,2
ORD002881,customer00678@example.com,2023-09-24,56.25,Pour-over kit,1
ORD003078,customer00704@example.com,2023-09-24,46.65,Cold brew bottle,1
ORD003063,customer00702@example.com,2023-09-24,69.35,Espresso blend 1kg,1
ORD002394,customer00399@example.com,2023-09-24,27.77,Single-origin beans 250g,2
ORD003118,customer00710@example.com,2023-09-24,162.93,Pour-over kit,2
ORD000936,customer00107@example.com,2023-09-24,67.99,Gift set,1
ORD001438,customer00163@example.com,2023-09-25,63.94,Gift set,1
ORD002948,customer00686@example.com,2023-09-25,64.49,Espresso blend 1kg,1
ORD002370,customer00393@example.com,2023-09-25,21.33,Cold brew bottle,1
ORD003372,customer00747@example.com,2023-09-25,26.48,Single-origin beans 250g,1
ORD003388,customer00750@example.com,2023-09-25,43.27,Cold brew bottle,1
ORD001905,customer00280@example.com,2023-09-26,191.99,Gift set,3
ORD002882,customer00678@example.com,2023-09-26,41.8,Cold brew bottle,1
ORD003119,customer00710@example.com,2023-09-26,70.1,Travel tumbler,2
ORD002713,customer00571@example.com,2023-09-26,38.04,Pour-over kit,1
ORD003266,customer00732@example.com,2023-09-26,59.62,Ceramic mug,2
ORD003389,customer00750@example.com,2023-09-26,65.3,Espresso blend 1kg,1
ORD002790,customer00626@example.com,2023-09-27,33.98,Pour-over kit,1
ORD003390,customer00750@example.com,2023-09-27,78.61,Cold brew bottle,2
ORD003240,customer00729@example.com,2023-09-27,25.23,Ceramic mug,1
ORD000459,customer00052@example.com,2023-09-28,29.97,Cold brew bottle,1
ORD002974,customer00689@example.com,2023-09-28,101.94,Ceramic mug,4
ORD003096,customer00707@example.com,2023-09-28,57.42,Espresso blend 1kg,1
ORD002007,customer00301@example.com,2023-09-28,94.24,Cold brew bottle,3
ORD002868,customer00676@example.com,2023-09-28,360.86,Gift set,3
ORD003020,customer00695@example.com,2023-09-29,33.28,Travel tumbler,1
ORD003120,customer00710@example.com,2023-09-29,51.38,Cold brew bottle,1
ORD003303,customer00738@example.com,2023-09-29,20.56,Single-origin beans 250g,1
ORD003159,customer00718@example.com,2023-09-29,111.99,Espresso blend 1kg,2
ORD003010,customer00694@example.com,2023-09-29,24.29,Single-origin beans 250g,1
ORD003070,customer00703@example.com,2023-09-29,39.65,Travel tumbler,1
ORD003149,customer00716@example.com,2023-09-29,57.07,Espresso blend 1kg,1
ORD002994,customer00691@example.com,2023-09-30,120.03,Ceramic mug,4
ORD001281,customer00144@example.com,2023-09-30,52.14,Espresso blend 1kg,1
ORD001817,customer00260@example.com,2023-09-30,70.98,Cold brew bottle,2
ORD003021,customer00695@example.com,2023-09-30,43.99,Pour-over kit,1
ORD000603,customer00067@example.com,2023-09-30,117.07,Cold brew bottle,3
ORD003401,customer00752@example.com,2023-10-01,42.65,Cold brew bottle,1
ORD003214,customer00725@example.com,2023-10-01,128.8,Cold brew bottle,3
ORD003079,customer00704@example.com,2023-10-01,54.06,Single-origin beans 250g,2
ORD002975,customer00689@example.com,2023-10-01,42.98,Travel tumbler,1
ORD003427,customer00756@example.com,2023-10-02,363.95,Pour-over kit,5
ORD003080,customer00704@example.com,2023-10-02,36.45,Travel tumbler,1
ORD002373,customer00394@example.com,2023-10-02,38.4,Ceramic mug,2
ORD003097,customer00707@example.com,2023-10-03,50.57,Cold brew bottle,1
ORD003064,customer00702@example.com,2023-10-03,134.83,Pour-over kit,2
ORD002325,customer00379@example.com,2023-10-03,17.71,Travel tumbler,1
ORD002503,customer00426@example.com,2023-10-03,148.13,Cold brew bottle,5
ORD002934,customer00684@example.com,2023-10-03,31.26,Travel tumbler,1
ORD003098,customer00707@example.com,2023-10-03,26.82,Single-origin beans 250g,1
ORD003322,customer00740@example.com,2023-10-03,215.82,Pour-over kit,3
ORD003451,customer00760@example.com,2023-10-03,35.34,Travel tumbler,1
ORD003193,customer00722@example.com,2023-10-03,26.66,Single-origin beans 250g,1
ORD001794,customer00254@example.com,2023-10-04,114.18,Gift set,2
ORD003099,customer00707@example.com,2023-10-04,122.56,Espresso blend 1kg,2
ORD003464,customer00761@example.com,2023-10-04,64.27,Pour-over kit,1
ORD003100,customer00707@example.com,2023-10-04,24.64,Ceramic mug,1
ORD002872,customer00677@example.com,2023-10-04,150.27,Travel tumbler,4
ORD003186,customer00721@example.com,2023-10-04,76.95,Single-origin beans 250g,3
ORD003071,customer00703@example.com,2023-10-04,62.67,Pour-over kit,1
ORD003224,customer00727@example.com,2023-10-04,70.62,Travel tumbler,2
ORD003101,customer00707@example.com,2023-10-05,194.36,Travel tumbler,4
ORD003121,customer00710@example.com,2023-10-05,88.01,Travel tumbler,3
ORD002497,customer00424@example.com,2023-10-05,48.47,Pour-over kit,1
ORD003081,customer00704@example.com,2023-10-05,138.92,Pour-over kit,2
ORD002957,customer00687@example.com,2023-10-05,70.89,Espresso blend 1kg,1
ORD002076,customer00319@example.com,2023-10-05,106.3,Cold brew bottle,4
ORD003428,customer00756@example.com,2023-10-05,58.89,Ceramic mug,2
ORD003286,customer00735@example.com,2023-10-06,34.08,Ceramic mug,1
ORD001550,customer00191@example.com,2023-10-06,22.84,Travel tumbler,1
ORD003045,customer00698@example.com,2023-10-06,58.11,Ceramic mug,2
ORD001750,customer00243@example.com,2023-10-06,15.05,Single-origin beans 250g,1
ORD003452,customer00760@example.com,2023-10-06,68.57,Pour-over kit,1
ORD003102,customer00707@example.com,2023-10-07,37.81,Travel tumbler,1
ORD001022,customer00117@example.com,2023-10-07,98.85,Espresso blend 1kg,2
ORD003022,customer00695@example.com,2023-10-07,34.75,Cold brew bottle,1
ORD003453,customer00760@example.com,2023-10-07,139.75,Pour-over kit,2
ORD002883,customer00678@example.com,2023-10-07,106.08,Ceramic mug,3
ORD002939,customer00685@example.com,2023-10-07,71.88,Pour-over kit,1
ORD003315,customer00739@example.com,2023-10-08,119.88,Pour-over kit,2
ORD003103,customer00707@example.com,2023-10-08,59.82,Pour-over kit,1
ORD002949,customer00686@example.com,2023-10-08,21.77,Single-origin beans 250g,1
ORD000170,customer00021@example.com,2023-10-08,178.8,Pour-over kit,3
ORD000951,customer00109@example.com,2023-10-08,43.29,Pour-over kit,1
ORD003454,customer00760@example.com,2023-10-09,65.36,Pour-over kit,1
ORD003104,customer00707@example.com,2023-10-09,73.12,Cold brew bottle,2
ORD001079,customer00122@example.com,2023-10-09,23.64,Ceramic mug,1
ORD003455,customer00760@example.com,2023-10-09,101.78,Gift set,1
ORD003072,customer00703@example.com,2023-10-09,32.68,Ceramic mug,1
ORD003205,customer00724@example.com,2023-10-09,108.58,Espresso blend 1kg,2
ORD003065,customer00702@example.com,2023-10-10,74.85,Espresso blend 1kg,1
ORD003082,customer00704@example.com,2023-10-10,123.95,Pour-over kit,2
ORD003221,customer00726@example.com,2023-10-10,30.98,Single-origin beans 250g,1
ORD003456,customer00760@example.com,2023-10-10,87.33,Single-origin beans 250g,4
ORD003215,customer00725@example.com,2023-10-10,206.16,Pour-over kit,3
ORD002653,customer00522@example.com,2023-10-10,13.6,Ceramic mug,1
ORD002995,customer00691@example.com,2023-10-10,65.68,Espresso blend 1kg,1
ORD003287,customer00735@example.com,2023-10-11,218.66,Gift set,2
ORD003335,customer00742@example.com,2023-10-11,84.08,Travel tumbler,2
ORD003316,customer00739@example.com,2023-10-11,46.21,Cold brew bottle,1
ORD003465,customer00761@example.com,2023-10-11,323.08,Gift set,3
ORD002396,customer00400@example.com,2023-10-11,164.22,Pour-over kit,4
ORD003122,customer00710@example.com,2023-10-11,59.76,Ceramic mug,2
ORD002448,customer00412@example.com,2023-10-12,127.03,Gift set,2
ORD002976,customer00689@example.com,2023-10-12,97.3,Gift set,1
ORD002219,customer00354@example.com,2023-10-12,42.38,Pour-over kit,1
ORD001805,customer00256@example.com,2023-10-13,44.67,Espresso blend 1kg,1
ORD003404,customer00753@example.com,2023-10-13,28.79,Ceramic mug,1
ORD003066,customer00702@example.com,2023-10-13,57.47,Espresso blend 1kg,1
ORD003105,customer00707@example.com,2023-10-13,37.55,Cold brew bottle,1
ORD002869,customer00676@example.com,2023-10-13,94.58,Gift set,1
ORD001531,customer00185@example.com,2023-10-14,91.34,Cold brew bottle,3
ORD003106,customer00707@example.com,2023-10-14,86.98,Ceramic mug,3
ORD003288,customer00735@example.com,2023-10-14,28.15,Ceramic mug,1
ORD003253,customer00730@example.com,2023-10-14,112.35,Gift set,1
ORD003241,customer00729@example.com,2023-10-14,99.07,Gift set,1
ORD000818,customer00093@example.com,2023-10-14,66.89,Cold brew bottle,2
ORD000995,customer00114@example.com,2023-10-15,34.67,Travel tumbler,1
ORD002870,customer00676@example.com,2023-10-15,31.67,Ceramic mug,1
ORD001175,customer00132@example.com,2023-10-15,51.42,Ceramic mug,2
ORD003304,customer00738@example.com,2023-10-16,32.22,Single-origin beans 250g,1
ORD003187,customer00721@example.com,2023-10-16,326.99,Gift set,4
ORD001331,customer00149@example.com,2023-10-16,32.13,Travel tumbler,1
ORD003471,customer00762@example.com,2023-10-16,38.98,Cold brew bottle,1
ORD003457,customer00760@example.com,2023-10-16,46.74,Travel tumbler,1
ORD001176,customer00132@example.com,2023-10-16,74.33,Gift set,1
ORD002950,customer00686@example.com,2023-10-16,288.35,Espresso blend 1kg,4
ORD000681,customer00076@example.com,2023-10-16,43.36,Espresso blend 1kg,1
ORD003305,customer00738@example.com,2023-10-17,50.64,Cold brew bottle,1
ORD003175,customer00720@example.com,2023-10-17,39.9,Single-origin beans 250g,2
ORD001699,customer00231@example.com,2023-10-18,36.39,Ceramic mug,2
ORD003329,customer00741@example.com,2023-10-18,130.33,Travel tumbler,3
ORD003440,customer00758@example.com,2023-10-18,31.3,Ceramic mug,1
ORD000389,customer00045@example.com,2023-10-18,453.05,Gift set,5
ORD003199,customer00723@example.com,2023-10-18,111.36,Single-origin beans 250g,4
ORD001906,customer00280@example.com,2023-10-18,166.59,Gift set,2
ORD003458,customer00760@example.com,2023-10-18,111.71,Espresso blend 1kg,2
ORD001959,customer00291@example.com,2023-10-19,26.65,Cold brew bottle,1
ORD001023,customer00117@example.com,2023-10-19,98.12,Travel tumbler,3
ORD002913,customer00681@example.com,2023-10-19,194.63,Travel tumbler,5
ORD003258,customer00731@example.com,2023-10-19,59.53,Ceramic mug,2
ORD002951,customer00686@example.com,2023-10-19,41.68,Cold brew bottle,1
ORD002604,customer00486@example.com,2023-10-19,37.11,Pour-over kit,1
ORD002714,customer00571@example.com,2023-10-20,44.39,Gift set,1
ORD000882,customer00100@example.com,2023-10-20,41.05,Cold brew bottle,1
ORD003131,customer00713@example.com,2023-10-20,78.88,Travel tumbler,2
ORD003011,customer00694@example.com,2023-10-20,27.99,Ceramic mug,1
ORD003490,customer00765@example.com,2023-10-20,129.34,Gift set,1
ORD003092,customer00706@example.com,2023-10-20,55.52,Espresso blend 1kg,1
ORD003323,customer00740@example.com,2023-10-20,47.67,Cold brew bottle,1
ORD002977,customer00689@example.com,2023-10-20,164.69,Cold brew bottle,4
ORD003459,customer00760@example.com,2023-10-21,113.37,Espresso blend 1kg,2
ORD002904,customer00680@example.com,2023-10-21,28.78,Single-origin beans 250g,1
ORD002919,customer00682@example.com,2023-10-21,330.51,Gift set,3
ORD001969,customer00293@example.com,2023-10-21,67.14,Gift set,1
ORD003169,customer00719@example.com,2023-10-21,45.74,Cold brew bottle,1
ORD003460,customer00760@example.com,2023-10-22,30.28,Single-origin beans 250g,1
ORD003023,customer00695@example.com,2023-10-22,102.44,Espresso blend 1kg,2
ORD002981,customer00690@example.com,2023-10-22,19.15,Single-origin beans 250g,1
ORD003113,customer00709@example.com,2023-10-22,133.62,Cold brew bottle,3
ORD002978,customer00689@example.com,2023-10-22,66.66,Pour-over kit,1
ORD003330,customer00741@example.com,2023-10-22,54.84,Espresso blend 1kg,1
ORD001920,customer00284@example.com,2023-10-22,108.52,Travel tumbler,4
ORD001917,customer00283@example.com,2023-10-23,40.18,Espresso blend 1kg,1
ORD002996,customer00692@example.com,2023-10-23,84.26,Ceramic mug,3
ORD003350,customer00744@example.com,2023-10-23,94.93,Cold brew bottle,2
ORD003381,customer00749@example.com,2023-10-23,62.93,Ceramic mug,2
ORD002891,customer00679@example.com,2023-10-23,122.99,Single-origin beans 250g,5
ORD002168,customer00343@example.com,2023-10-23,73.86,Espresso blend 1kg,2
ORD003225,customer00727@example.com,2023-10-24,23.94,Ceramic mug,1
ORD000303,customer00035@example.com,2023-10-24,138.91,Travel tumbler,5
ORD000124,customer00015@example.com,2023-10-24,56.97,Pour-over kit,1
ORD000188,customer00023@example.com,2023-10-24,114.25,Cold brew bottle,3
ORD002979,customer00689@example.com,2023-10-24,41.99,Cold brew bottle,1
ORD001312,customer00147@example.com,2023-10-24,58.31,Pour-over kit,1
ORD002871,customer00676@example.com,2023-10-24,201.63,Gift set,2
ORD001907,customer00280@example.com,2023-10-24,37.18,Ceramic mug,2
ORD003405,customer00753@example.com,2023-10-25,24.89,Single-origin beans 250g,1
ORD003272,customer00733@example.com,2023-10-25,72.31,Pour-over kit,1
ORD003047,customer00699@example.com,2023-10-25,25.9,Single-origin beans 250g,1
ORD000048,customer00007@example.com,2023-10-25,74.4,Cold brew bottle,2
ORD000069,customer00009@example.com,2023-10-25,35.82,Cold brew bottle,1
ORD003083,customer00704@example.com,2023-10-26,29.35,Single-origin beans 250g,1
ORD003406,customer00753@example.com,2023-10-26,170.06,Cold brew bottle,4
ORD001990,customer00298@example.com,2023-10-26,23.45,Travel tumbler,1
ORD000070,customer00009@example.com,2023-10-26,20.21,Single-origin beans 250g,1
ORD001972,customer00294@example.com,2023-10-26,66.05,Cold brew bottle,2
ORD002920,customer00682@example.com,2023-10-26,93.82,Gift set,1
ORD003002,customer00693@example.com,2023-10-27,57.34,Espresso blend 1kg,1
ORD001908,customer00280@example.com,2023-10-27,64.05,Cold brew bottle,3
ORD003407,customer00753@example.com,2023-10-27,62.16,Pour-over kit,1
ORD002952,customer00686@example.com,2023-10-27,50.64,Cold brew bottle,1
ORD003135,customer00714@example.com,2023-10-28,58.93,Espresso blend 1kg,1
ORD003142,customer00715@example.com,2023-10-28,298.16,Gift set,3
ORD003108,customer00708@example.com,2023-10-28,108.12,Gift set,1
ORD003291,customer00736@example.com,2023-10-29,76.59,Gift set,1
ORD003254,customer00730@example.com,2023-10-29,45.98,Cold brew bottle,1
ORD003411,customer00754@example.com,2023-10-29,59.9,Pour-over kit,1
ORD003391,customer00750@example.com,2023-10-29,227.65,Pour-over kit,4
ORD003073,customer00703@example.com,2023-10-29,34.93,Ceramic mug,1
ORD000873,customer00099@example.com,2023-10-29,62.56,Pour-over kit,1
ORD003417,customer00755@example.com,2023-10-30,96.56,Espresso blend 1kg,2
ORD003057,customer00701@example.com,2023-10-30,112.4,Gift set,1
ORD001313,customer00147@example.com,2023-10-30,30.48,Ceramic mug,1
ORD003024,customer00695@example.com,2023-10-30,31.7,Ceramic mug,1
ORD002884,customer00678@example.com,2023-10-30,55.88,Espresso blend 1kg,1
ORD002921,customer00682@example.com,2023-10-30,50.89,Pour-over kit,1
ORD000532,customer00060@example.com,2023-10-30,38.83,Single-origin beans 250g,2
ORD003084,customer00704@example.com,2023-10-30,57.8,Espresso blend 1kg,1
ORD002997,customer00692@example.com,2023-10-30,40.71,Travel tumbler,1
ORD001705,customer00233@example.com,2023-10-31,18.47,Ceramic mug,1
ORD003074,customer00703@example.com,2023-10-31,73.36,Pour-over kit,1
ORD003153,customer00717@example.com,2023-10-31,69.79,Pour-over kit,1
ORD003360,customer00746@example.com,2023-10-31,37.33,Travel tumbler,1
ORD002953,customer00686@example.com,2023-10-31,36.92,Cold brew bottle,1
ORD003418,customer00755@example.com,2023-10-31,28.39,Single-origin beans 250g,1
ORD003412,customer00754@example.com,2023-10-31,123.04,Espresso blend 1kg,2
ORD002998,customer00692@example.com,2023-10-31,162.17,Pour-over kit,3
ORD002392,customer00398@example.com,2023-10-31,44.72,Pour-over kit,1
ORD003160,customer00718@example.com,2023-10-31,204.85,Espresso blend 1kg,4
ORD003435,customer00757@example.com,2023-10-31,36.27,Travel tumbler,1
ORD003034,customer00697@example.com,2023-10-31,28.36,Ceramic mug,1
ORD003408,customer00753@example.com,2023-10-31,96.69,Cold brew bottle,2
ORD002954,customer00686@example.com,2023-11-01,32.14,Ceramic mug,1
ORD003216,customer00725@example.com,2023-11-01,68.91,Pour-over kit,1
ORD002958,customer00687@example.com,2023-11-01,23.68,Single-origin beans 250g,1
ORD003441,customer00758@example.com,2023-11-01,65.33,Pour-over kit,1
ORD001122,customer00127@example.com,2023-11-02,18.22,Single-origin beans 250g,1
ORD003093,customer00706@example.com,2023-11-02,26.81,Single-origin beans 250g,1
ORD003382,customer00749@example.com,2023-11-02,45.52,Cold brew bottle,1
ORD003396,customer00751@example.com,2023-11-02,34.98,Cold brew bottle,1
ORD003289,customer00735@example.com,2023-11-02,241.52,Gift set,2
ORD003356,customer00745@example.com,2023-11-02,43.58,Travel tumbler,1
ORD003067,customer00702@example.com,2023-11-02,188.64,Pour-over kit,3
ORD001480,customer00173@example.com,2023-11-03,29.79,Cold brew bottle,1
ORD002983,customer00690@example.com,2023-11-03,98.18,Single-origin beans 250g,3
ORD003397,customer00751@example.com,2023-11-03,59.22,Pour-over kit,1
ORD002982,customer00690@example.com,2023-11-03,188.12,Travel tumbler,5
ORD001282,customer00144@example.com,2023-11-03,39.74,Ceramic mug,2
ORD001322,customer00148@example.com,2023-11-03,95.44,Gift set,1
ORD001832,customer00262@example.com,2023-11-03,31.67,Travel tumbler,2
ORD003273,customer00733@example.com,2023-11-03,205.74,Gift set,2
ORD003413,customer00754@example.com,2023-11-03,44.57,Travel tumbler,1
ORD002999,customer00692@example.com,2023-11-03,31.16,Cold brew bottle,1
ORD003351,customer00744@example.com,2023-11-04,105.88,Gift set,1
ORD003012,customer00694@example.com,2023-11-04,27.61,Single-origin beans 250g,1
ORD003075,customer00703@example.com,2023-11-04,40.38,Travel tumbler,1
ORD003035,customer00697@example.com,2023-11-04,54.32,Espresso blend 1kg,1
ORD003222,customer00726@example.com,2023-11-04,72.35,Pour-over kit,1
ORD001632,customer00213@example.com,2023-11-04,39.56,Espresso blend 1kg,1
ORD003374,customer00748@example.com,2023-11-05,26.07,Ceramic mug,1
ORD003419,customer00755@example.com,2023-11-05,46.77,Cold brew bottle,1
ORD002905,customer00680@example.com,2023-11-05,40.51,Travel tumbler,1
ORD001721,customer00237@example.com,2023-11-05,25.31,Cold brew bottle,1
ORD003161,customer00718@example.com,2023-11-05,58.17,Espresso blend 1kg,1
ORD002245,customer00360@example.com,2023-11-05,115.12,Gift set,2
ORD003000,customer00692@example.com,2023-11-05,54.69,Cold brew bottle,1
ORD003036,customer00697@example.com,2023-11-05,83.56,Single-origin beans 250g,3
ORD003242,customer00729@example.com,2023-11-05,37.55,Cold brew bottle,1
ORD003472,customer00762@example.com,2023-11-05,29.88,Ceramic mug,1
ORD003476,customer00763@example.com,2023-11-05,192.33,Gift set,2
ORD003200,customer00723@example.com,2023-11-05,44.43,Travel tumbler,1
ORD002828,customer00654@example.com,2023-11-06,40.33,Travel tumbler,2
ORD003037,customer00697@example.com,2023-11-06,36.89,Travel tumbler,1
ORD003188,customer00721@example.com,2023-11-06,59.82,Ceramic mug,2
ORD003473,customer00762@example.com,2023-11-06,28.03,Ceramic mug,1
ORD001859,customer00269@example.com,2023-11-06,74.27,Pour-over kit,2
ORD000322,customer00037@example.com,2023-11-06,80.6,Gift set,1
ORD003038,customer00697@example.com,2023-11-06,69.87,Ceramic mug,2
ORD003124,customer00711@example.com,2023-11-06,24.67,Single-origin beans 250g,1
ORD002287,customer00370@example.com,2023-11-06,46.22,Pour-over kit,1
ORD003039,customer00697@example.com,2023-11-06,39.97,Travel tumbler,1
ORD002313,customer00376@example.com,2023-11-07,90.33,Cold brew bottle,3
ORD003226,customer00727@example.com,2023-11-07,90.51,Gift set,1
ORD001123,customer00127@example.com,2023-11-07,28.62,Travel tumbler,1
ORD002906,customer00680@example.com,2023-11-07,136.78,Espresso blend 1kg,2
ORD003026,customer00696@example.com,2023-11-07,64.13,Pour-over kit,1
ORD002873,customer00677@example.com,2023-11-07,91.83,Gift set,1
ORD003154,customer00717@example.com,2023-11-08,82.85,Ceramic mug,3
ORD000405,customer00046@example.com,2023-11-08,24.41,Ceramic mug,1
ORD000868,customer00098@example.com,2023-11-08,31.33,Cold brew bottle,1
ORD000171,customer00021@example.com,2023-11-08,67.41,Gift set,1
ORD002922,customer00682@example.com,2023-11-09,53.03,Single-origin beans 250g,2
ORD003466,customer00761@example.com,2023-11-09,71.64,Pour-over kit,1
ORD002959,customer00687@example.com,2023-11-10,48.57,Espresso blend 1kg,1
ORD001149,customer00130@example.com,2023-11-10,58.3,Pour-over kit,1
ORD003227,customer00727@example.com,2023-11-10,27.63,Single-origin beans 250g,1
ORD003477,customer00763@example.com,2023-11-10,73.79,Cold brew bottle,2
ORD003402,customer00752@example.com,2023-11-10,40.76,Cold brew bottle,1
ORD000033,customer00005@example.com,2023-11-10,33.61,Cold brew bottle,1
ORD003442,customer00758@example.com,2023-11-11,56.07,Espresso blend 1kg,1
ORD003046,customer00698@example.com,2023-11-11,118.15,Espresso blend 1kg,2
ORD003170,customer00719@example.com,2023-11-11,27.02,Single-origin beans 250g,1
ORD000819,customer00093@example.com,2023-11-11,92.62,Gift set,1
ORD002907,customer00680@example.com,2023-11-12,136.49,Gift set,1
ORD003123,customer00710@example.com,2023-11-12,28.09,Ceramic mug,1
ORD003003,customer00693@example.com,2023-11-12,65.11,Pour-over kit,1
ORD003136,customer00714@example.com,2023-11-12,204.78,Gift set,2
ORD002928,customer00683@example.com,2023-11-13,39.53,Travel tumbler,1
ORD003467,customer00761@example.com,2023-11-13,35.34,Travel tumbler,1
ORD002923,customer00682@example.com,2023-11-13,68.43,Espresso blend 1kg,1
ORD003474,customer00762@example.com,2023-11-13,24.45,Ceramic mug,1
ORD001441,customer00164@example.com,2023-11-13,45.3,Pour-over kit,1
ORD003137,customer00714@example.com,2023-11-13,305.45,Gift set,3
ORD000460,customer00052@example.com,2023-11-13,44.32,Travel tumbler,2
ORD003143,customer00715@example.com,2023-11-13,58.3,Pour-over kit,1
ORD000172,customer00021@example.com,2023-11-13,27.33,Travel tumbler,1
ORD003223,customer00726@example.com,2023-11-13,81.08,Cold brew bottle,2
ORD003383,customer00749@example.com,2023-11-14,53.97,Ceramic mug,2
ORD003176,customer00720@example.com,2023-11-14,63.88,Pour-over kit,1
ORD000262,customer00031@example.com,2023-11-14,23.15,Ceramic mug,1
ORD003076,customer00703@example.com,2023-11-14,28.58,Ceramic mug,1
ORD003243,customer00729@example.com,2023-11-14,29.14,Ceramic mug,1
ORD003138,customer00714@example.com,2023-11-15,116.79,Gift set,1
ORD003114,customer00709@example.com,2023-11-15,36.54,Travel tumbler,1
ORD001909,customer00280@example.com,2023-11-15,45.7,Travel tumbler,2
ORD003336,customer00742@example.com,2023-11-15,145.83,Travel tumbler,4
ORD000125,customer00015@example.com,2023-11-15,209.42,Pour-over kit,4
ORD001323,customer00148@example.com,2023-11-16,92.54,Gift set,1
ORD003306,customer00738@example.com,2023-11-16,23.01,Single-origin beans 250g,1
ORD000916,customer00105@example.com,2023-11-16,22.02,Ceramic mug,1
ORD000383,customer00044@example.com,2023-11-16,19.86,Single-origin beans 250g,1
ORD000521,customer00058@example.com,2023-11-16,45.3,Espresso blend 1kg,1
ORD000263,customer00031@example.com,2023-11-17,60.27,Pour-over kit,1
ORD000952,customer00109@example.com,2023-11-17,43.19,Espresso blend 1kg,1
ORD002612,customer00492@example.com,2023-11-17,53.74,Single-origin beans 250g,4
ORD003077,customer00703@example.com,2023-11-17,323.37,Gift set,3
ORD003140,customer00714@example.com,2023-11-17,125.77,Single-origin beans 250g,4
ORD003139,customer00714@example.com,2023-11-17,78.73,Pour-over kit,1
ORD000427,customer00048@example.com,2023-11-17,214.93,Gift set,3
ORD002929,customer00683@example.com,2023-11-18,56.83,Ceramic mug,2
ORD000453,customer00051@example.com,2023-11-18,31.04,Travel tumbler,1
ORD001080,customer00122@example.com,2023-11-18,53.98,Pour-over kit,1
ORD003461,customer00760@example.com,2023-11-18,330.17,Gift set,3
ORD000071,customer00009@example.com,2023-11-18,37.41,Cold brew bottle,1
ORD000146,customer00018@example.com,2023-11-18,202.03,Gift set,2
ORD002466,customer00416@example.com,2023-11-19,32.54,Pour-over kit,1
ORD003189,customer00721@example.com,2023-11-19,43.58,Single-origin beans 250g,2
ORD003201,customer00723@example.com,2023-11-19,58.9,Ceramic mug,2
ORD003229,customer00727@example.com,2023-11-19,458.8,Gift set,5
ORD003228,customer00727@example.com,2023-11-19,27.77,Ceramic mug,1
ORD003177,customer00720@example.com,2023-11-19,60.48,Espresso blend 1kg,1
ORD000937,customer00107@example.com,2023-11-20,119.21,Pour-over kit,2
ORD000461,customer00052@example.com,2023-11-20,40.55,Espresso blend 1kg,1
ORD001732,customer00239@example.com,2023-11-20,196.54,Gift set,3
ORD000390,customer00045@example.com,2023-11-20,58.37,Pour-over kit,1
ORD002892,customer00679@example.com,2023-11-20,46.67,Travel tumbler,1
ORD002471,customer00417@example.com,2023-11-20,33.91,Cold brew bottle,1
ORD001602,customer00203@example.com,2023-11-20,72.9,Gift set,1
ORD001880,customer00276@example.com,2023-11-20,34.15,Cold brew bottle,1
ORD002673,customer00538@example.com,2023-11-20,11.95,Single-origin beans 250g,1
ORD002841,customer00663@example.com,2023-11-20,35.35,Pour-over kit,1
ORD003051,customer00700@example.com,2023-11-21,57.66,Travel tumbler,2
ORD002885,customer00678@example.com,2023-11-22,193.8,Travel tumbler,5
ORD003420,customer00755@example.com,2023-11-22,262.71,Gift set,2
ORD000331,customer00038@example.com,2023-11-22,31.76,Travel tumbler,1
ORD002984,customer00690@example.com,2023-11-22,45.19,Single-origin beans 250g,2
ORD003468,customer00761@example.com,2023-11-22,83.56,Travel tumbler,2
ORD000604,customer00067@example.com,2023-11-22,49.3,Pour-over kit,1
ORD003230,customer00727@example.com,2023-11-22,123.14,Espresso blend 1kg,2
ORD003141,customer00714@example.com,2023-11-22,24.66,Ceramic mug,1
ORD003294,customer00737@example.com,2023-11-23,149.67,Pour-over kit,2
ORD001314,customer00147@example.com,2023-11-23,72.17,Single-origin beans 250g,3
ORD002874,customer00677@example.com,2023-11-23,93.12,Travel tumbler,2
ORD000578,customer00065@example.com,2023-11-23,60.93,Single-origin beans 250g,3
ORD003202,customer00723@example.com,2023-11-24,104.73,Gift set,1
ORD003385,customer00749@example.com,2023-11-24,320.81,Gift set,3
ORD002374,customer00394@example.com,2023-11-24,17.4,Single-origin beans 250g,1
ORD000391,customer00045@example.com,2023-11-24,118.76,Single-origin beans 250g,5
ORD003384,customer00749@example.com,2023-11-24,124.4,Pour-over kit,2
ORD001385,customer00156@example.com,2023-11-24,112.99,Espresso blend 1kg,2
ORD002819,customer00649@example.com,2023-11-24,35.65,Travel tumbler,2
ORD003203,customer00723@example.com,2023-11-25,65.0,Espresso blend 1kg,1
ORD003235,customer00728@example.com,2023-11-25,91.5,Cold brew bottle,2
ORD003025,customer00695@example.com,2023-11-25,290.89,Espresso blend 1kg,5
ORD001991,customer00298@example.com,2023-11-25,15.33,Single-origin beans 250g,1
ORD003392,customer00750@example.com,2023-11-25,80.69,Single-origin beans 250g,3
ORD003341,customer00743@example.com,2023-11-25,116.3,Cold brew bottle,3
ORD003307,customer00738@example.com,2023-11-26,84.18,Pour-over kit,1
ORD003478,customer00763@example.com,2023-11-26,29.3,Ceramic mug,1
ORD003109,customer00708@example.com,2023-11-26,27.85,Ceramic mug,1
ORD003244,customer00729@example.com,2023-11-26,28.9,Single-origin beans 250g,1
ORD003292,customer00736@example.com,2023-11-26,102.74,Gift set,1
ORD003132,customer00713@example.com,2023-11-26,88.16,Cold brew bottle,2
ORD002955,customer00686@example.com,2023-11-26,104.21,Espresso blend 1kg,2
ORD000996,customer00114@example.com,2023-11-27,82.35,Gift set,1
ORD000448,customer00050@example.com,2023-11-27,30.24,Cold brew bottle,1
ORD003274,customer00733@example.com,2023-11-27,75.71,Pour-over kit,1
ORD002914,customer00681@example.com,2023-11-27,78.37,Pour-over kit,1
ORD000454,customer00051@example.com,2023-11-28,28.66,Travel tumbler,1
ORD001752,customer00244@example.com,2023-11-28,49.39,Cold brew bottle,2
ORD003027,customer00696@example.com,2023-11-28,45.56,Cold brew bottle,1
ORD003486,customer00764@example.com,2023-11-28,46.3,Travel tumbler,1
ORD002505,customer00427@example.com,2023-11-29,45.67,Travel tumbler,2
ORD003232,customer00727@example.com,2023-11-29,70.49,Pour-over kit,1
ORD003231,customer00727@example.com,2023-11-29,29.82,Ceramic mug,1
ORD003331,customer00741@example.com,2023-11-29,55.83,Single-origin beans 250g,2
ORD003155,customer00717@example.com,2023-11-29,43.66,Cold brew bottle,1
ORD000981,customer00112@example.com,2023-11-29,60.58,Travel tumbler,2
ORD003462,customer00760@example.com,2023-11-29,155.85,Ceramic mug,5
ORD003317,customer00739@example.com,2023-11-29,57.82,Cold brew bottle,1
ORD001787,customer00252@example.com,2023-11-29,19.98,Single-origin beans 250g,1
ORD003421,customer00755@example.com,2023-12-01,91.6,Travel tumbler,2
ORD003469,customer00761@example.com,2023-12-01,42.29,Cold brew bottle,1
ORD003318,customer00739@example.com,2023-12-01,24.75,Single-origin beans 250g,1
ORD003259,customer00731@example.com,2023-12-01,42.62,Cold brew bottle,1
ORD001568,customer00195@example.com,2023-12-01,29.3,Cold brew bottle,1
ORD002924,customer00682@example.com,2023-12-01,59.49,Single-origin beans 250g,2
ORD003028,customer00696@example.com,2023-12-01,28.83,Ceramic mug,1
ORD003245,customer00729@example.com,2023-12-01,65.31,Pour-over kit,1
ORD003085,customer00704@example.com,2023-12-01,28.58,Ceramic mug,1
ORD001541,customer00187@example.com,2023-12-01,24.69,Cold brew bottle,1
ORD003246,customer00729@example.com,2023-12-02,93.49,Single-origin beans 250g,3
ORD003429,customer00756@example.com,2023-12-02,27.94,Single-origin beans 250g,1
ORD003260,customer00731@example.com,2023-12-02,126.96,Ceramic mug,5
ORD003414,customer00754@example.com,2023-12-02,239.77,Gift set,2
ORD003398,customer00751@example.com,2023-12-03,78.23,Ceramic mug,3
ORD003058,customer00701@example.com,2023-12-04,288.33,Gift set,3
ORD001501,customer00177@example.com,2023-12-04,26.29,Travel tumbler,1
ORD000049,customer00007@example.com,2023-12-04,282.51,Gift set,4
ORD001481,customer00173@example.com,2023-12-04,17.77,Ceramic mug,1
ORD002357,customer00388@example.com,2023-12-04,44.83,Pour-over kit,1
ORD003479,customer00763@example.com,2023-12-04,27.22,Single-origin beans 250g,1
ORD002121,customer00333@example.com,2023-12-04,72.25,Pour-over kit,2
ORD003261,customer00731@example.com,2023-12-04,46.49,Pour-over kit,1
ORD002908,customer00680@example.com,2023-12-05,65.89,Espresso blend 1kg,1
ORD000883,customer00100@example.com,2023-12-05,51.45,Single-origin beans 250g,2
ORD001833,customer00262@example.com,2023-12-05,195.13,Gift set,3
ORD000428,customer00048@example.com,2023-12-05,45.49,Ceramic mug,2
ORD000730,customer00082@example.com,2023-12-05,18.72,Ceramic mug,1
ORD001373,customer00154@example.com,2023-12-05,31.16,Cold brew bottle,1
ORD001102,customer00125@example.com,2023-12-06,31.25,Travel tumbler,1
ORD001283,customer00144@example.com,2023-12-06,244.17,Gift set,3
ORD002915,customer00681@example.com,2023-12-06,40.35,Travel tumbler,1
ORD000462,customer00052@example.com,2023-12-06,30.75,Travel tumbler,1
ORD003430,customer00756@example.com,2023-12-07,107.09,Gift set,1
ORD002985,customer00690@example.com,2023-12-07,85.72,Gift set,1
ORD002893,customer00679@example.com,2023-12-07,35.47,Travel tumbler,1
ORD003290,customer00735@example.com,2023-12-07,114.8,Pour-over kit,2
ORD003373,customer00747@example.com,2023-12-07,39.4,Travel tumbler,1
ORD002361,customer00389@example.com,2023-12-07,36.37,Ceramic mug,2
ORD000180,customer00022@example.com,2023-12-07,67.64,Travel tumbler,2
ORD000706,customer00079@example.com,2023-12-08,28.92,Cold brew bottle,1
ORD002935,customer00684@example.com,2023-12-08,68.16,Espresso blend 1kg,1
ORD001677,customer00226@example.com,2023-12-08,37.65,Espresso blend 1kg,1
ORD001515,customer00181@example.com,2023-12-08,87.15,Ceramic mug,5
ORD003156,customer00717@example.com,2023-12-08,35.38,Ceramic mug,1
ORD002301,customer00373@example.com,2023-12-08,51.84,Travel tumbler,2
ORD000304,customer00035@example.com,2023-12-08,97.87,Gift set,1
ORD001472,customer00172@example.com,2023-12-08,16.41,Ceramic mug,1
ORD002909,customer00680@example.com,2023-12-08,44.27,Cold brew bottle,1
ORD003204,customer00723@example.com,2023-12-09,70.18,Espresso blend 1kg,1
ORD000264,customer00031@example.com,2023-12-09,181.22,Pour-over kit,3
ORD003087,customer00705@example.com,2023-12-09,342.77,Gift set,3
ORD002621,customer00498@example.com,2023-12-09,11.92,Ceramic mug,1
ORD002085,customer00323@example.com,2023-12-10,349.78,Gift set,5
ORD003004,customer00693@example.com,2023-12-10,55.27,Espresso blend 1kg,1
ORD000455,customer00051@example.com,2023-12-10,73.69,Pour-over kit,1
ORD003144,customer00715@example.com,2023-12-10,40.5,Travel tumbler,1
ORD001843,customer00265@example.com,2023-12-10,22.14,Travel tumbler,1
ORD003275,customer00733@example.com,2023-12-10,41.71,Cold brew bottle,1
ORD002054,customer00314@example.com,2023-12-11,70.47,Pour-over kit,2
ORD003150,customer00716@example.com,2023-12-11,41.26,Cold brew bottle,1
ORD002671,customer00537@example.com,2023-12-11,32.82,Espresso blend 1kg,1
ORD001881,customer00276@example.com,2023-12-11,79.93,Ceramic mug,4
ORD003443,customer00758@example.com,2023-12-11,62.94,Pour-over kit,1
ORD003276,customer00733@example.com,2023-12-12,38.68,Cold brew bottle,1
ORD003431,customer00756@example.com,2023-12-12,64.04,Pour-over kit,1
ORD001150,customer00130@example.com,2023-12-12,229.83,Gift set,3
ORD003337,customer00742@example.com,2023-12-13,25.2,Single-origin beans 250g,1
ORD003436,customer00757@example.com,2023-12-13,136.9,Cold brew bottle,3
ORD003178,customer00720@example.com,2023-12-13,40.74,Travel tumbler,1
ORD000917,customer00105@example.com,2023-12-13,20.91,Travel tumbler,1
ORD001207,customer00135@example.com,2023-12-14,49.84,Espresso blend 1kg,1
ORD002613,customer00492@example.com,2023-12-14,20.94,Single-origin beans 250g,2
ORD000406,customer00046@example.com,2023-12-14,27.44,Ceramic mug,1
ORD003432,customer00756@example.com,2023-12-15,52.53,Ceramic mug,2
ORD002986,customer00690@example.com,2023-12-15,178.11,Gift set,2
ORD001089,customer00123@example.com,2023-12-15,80.41,Gift set,1
ORD003437,customer00757@example.com,2023-12-16,110.23,Gift set,1
ORD001882,customer00276@example.com,2023-12-16,17.28,Ceramic mug,1
ORD001303,customer00146@example.com,2023-12-16,20.5,Ceramic mug,1
ORD003342,customer00743@example.com,2023-12-16,207.52,Gift set,2
ORD003438,customer00757@example.com,2023-12-17,26.17,Single-origin beans 250g,1
ORD003324,customer00740@example.com,2023-12-17,75.05,Single-origin beans 250g,3
ORD003470,customer00761@example.com,2023-12-17,104.26,Gift set,1
ORD003487,customer00764@example.com,2023-12-17,43.36,Travel tumbler,1
ORD000082,customer00010@example.com,2023-12-17,59.64,Espresso blend 1kg,1
ORD002588,customer00473@example.com,2023-12-17,57.05,Espresso blend 1kg,2
ORD003308,customer00738@example.com,2023-12-18,27.23,Ceramic mug,1
ORD001992,customer00298@example.com,2023-12-18,117.98,Gift set,2
ORD003267,customer00732@example.com,2023-12-18,30.91,Travel tumbler,1
ORD002925,customer00682@example.com,2023-12-18,22.32,Single-origin beans 250g,1
ORD003145,customer00715@example.com,2023-12-18,62.09,Pour-over kit,1
ORD002936,customer00684@example.com,2023-12-19,73.77,Pour-over kit,1
ORD001788,customer00252@example.com,2023-12-19,19.67,Travel tumbler,1
ORD002930,customer00683@example.com,2023-12-19,261.86,Pour-over kit,4
ORD000814,customer00092@example.com,2023-12-19,31.49,Travel tumbler,1
ORD003488,customer00764@example.com,2023-12-19,23.91,Single-origin beans 250g,1
ORD003255,customer00730@example.com,2023-12-19,35.65,Travel tumbler,1
ORD003422,customer00755@example.com,2023-12-19,107.82,Cold brew bottle,2
ORD001810,customer00258@example.com,2023-12-20,60.78,Cold brew bottle,2
ORD000323,customer00037@example.com,2023-12-20,61.35,Pour-over kit,1
ORD001680,customer00227@example.com,2023-12-20,13.18,Single-origin beans 250g,1
ORD002826,customer00653@example.com,2023-12-21,33.33,Pour-over kit,1
ORD003146,customer00715@example.com,2023-12-21,174.61,Gift set,2
ORD003262,customer00731@example.com,2023-12-21,308.62,Gift set,3
ORD001332,customer00149@example.com,2023-12-21,20.0,Single-origin beans 250g,1
ORD002124,customer00334@example.com,2023-12-21,41.41,Espresso blend 1kg,1
ORD000820,customer00093@example.com,2023-12-21,70.81,Gift set,1
ORD003361,customer00746@example.com,2023-12-22,36.61,Travel tumbler,1
ORD003247,customer00729@example.com,2023-12-22,102.29,Gift set,1
ORD003179,customer00720@example.com,2023-12-22,42.03,Travel tumbler,1
ORD002725,customer00580@example.com,2023-12-22,185.98,Pour-over kit,5
ORD001894,customer00278@example.com,2023-12-23,72.87,Single-origin beans 250g,4
ORD002787,customer00625@example.com,2023-12-23,13.59,Single-origin beans 250g,1
ORD002684,customer00547@example.com,2023-12-23,112.3,Gift set,3
ORD002068,customer00318@example.com,2023-12-24,17.37,Ceramic mug,1
ORD003059,customer00701@example.com,2023-12-24,31.12,Ceramic mug,1
ORD003325,customer00740@example.com,2023-12-24,36.8,Cold brew bottle,1
ORD003444,customer00758@example.com,2023-12-25,27.44,Single-origin beans 250g,1
ORD003248,customer00729@example.com,2023-12-25,77.23,Travel tumbler,2
ORD000982,customer00112@example.com,2023-12-25,117.53,Pour-over kit,2
ORD000392,customer00045@example.com,2023-12-25,20.29,Single-origin beans 250g,1
ORD002715,customer00571@example.com,2023-12-25,36.17,Gift set,1
ORD003190,customer00721@example.com,2023-12-26,52.78,Espresso blend 1kg,1
ORD002940,customer00685@example.com,2023-12-26,113.48,Espresso blend 1kg,2
ORD000780,customer00087@example.com,2023-12-26,62.48,Travel tumbler,2
ORD003206,customer00724@example.com,2023-12-26,210.43,Gift set,2
ORD001766,customer00247@example.com,2023-12-27,20.73,Ceramic mug,1
ORD000753,customer00084@example.com,2023-12-27,38.99,Espresso blend 1kg,1
ORD003147,customer00715@example.com,2023-12-27,17.83,Single-origin beans 250g,1
ORD003362,customer00746@example.com,2023-12-27,54.27,Pour-over kit,1
ORD002724,customer00579@example.com,2023-12-27,71.89,Cold brew bottle,3
ORD003249,customer00729@example.com,2023-12-27,45.99,Single-origin beans 250g,2
ORD001290,customer00145@example.com,2023-12-27,36.99,Travel tumbler,1
ORD002875,customer00677@example.com,2023-12-27,23.17,Single-origin beans 250g,1
ORD000275,customer00032@example.com,2023-12-28,33.51,Travel tumbler,1
ORD003250,customer00729@example.com,2023-12-28,62.31,Espresso blend 1kg,1
ORD003480,customer00763@example.com,2023-12-28,258.11,Gift set,3
ORD003180,customer00720@example.com,2023-12-28,27.05,Single-origin beans 250g,1
ORD002745,customer00592@example.com,2023-12-28,16.85,Cold brew bottle,1
ORD002619,customer00497@example.com,2023-12-28,59.31,Cold brew bottle,3
ORD003386,customer00749@example.com,2023-12-28,88.62,Cold brew bottle,2
ORD000274,customer00032@example.com,2023-12-28,35.94,Cold brew bottle,1
ORD001111,customer00126@example.com,2023-12-29,162.78,Cold brew bottle,4
ORD003375,customer00748@example.com,2023-12-29,71.91,Pour-over kit,1
ORD003433,customer00756@example.com,2023-12-29,84.13,Travel tumbler,2
ORD001974,customer00295@example.com,2023-12-29,52.31,Travel tumbler,3
ORD000018,customer00003@example.com,2023-12-29,23.8,Ceramic mug,1
ORD000189,customer00023@example.com,2023-12-29,32.65,Travel tumbler,1
ORD003376,customer00748@example.com,2023-12-30,138.44,Espresso blend 1kg,3
ORD002960,customer00687@example.com,2023-12-30,28.15,Single-origin beans 250g,1
ORD003133,customer00713@example.com,2023-12-30,35.63,Cold brew bottle,1
ORD003256,customer00730@example.com,2023-12-30,33.33,Travel tumbler,1
ORD003048,customer00699@example.com,2023-12-30,35.04,Single-origin beans 250g,2
ORD001368,customer00153@example.com,2023-12-30,26.8,Ceramic mug,1
ORD001960,customer00291@example.com,2023-12-31,28.51,Cold brew bottle,1
ORD001024,customer00117@example.com,2023-12-31,21.59,Single-origin beans 250g,1
ORD002886,customer00678@example.com,2023-12-31,133.12,Espresso blend 1kg,2
ORD001112,customer00126@example.com,2024-01-01,49.17,Pour-over kit,1
ORD001790,customer00253@example.com,2024-01-01,24.55,Cold brew bottle,1
ORD002697,customer00557@example.com,2024-01-01,97.14,Espresso blend 1kg,3
ORD002258,customer00363@example.com,2024-01-01,25.23,Cold brew bottle,1
ORD000887,customer00101@example.com,2024-01-01,22.49,Single-origin beans 250g,1
ORD000884,customer00100@example.com,2024-01-01,67.37,Espresso blend 1kg,1
ORD001473,customer00172@example.com,2024-01-02,59.5,Ceramic mug,3
ORD003005,customer00693@example.com,2024-01-02,79.01,Single-origin beans 250g,3
ORD000620,customer00069@example.com,2024-01-02,63.09,Single-origin beans 250g,3
ORD003295,customer00737@example.com,2024-01-02,116.52,Pour-over kit,2
ORD003434,customer00756@example.com,2024-01-02,29.52,Travel tumbler,1
ORD000202,customer00024@example.com,2024-01-02,39.46,Cold brew bottle,1
ORD002765,customer00609@example.com,2024-01-02,29.8,Espresso blend 1kg,1
ORD001151,customer00130@example.com,2024-01-03,34.86,Cold brew bottle,1
ORD001177,customer00132@example.com,2024-01-03,32.72,Cold brew bottle,1
ORD003233,customer00727@example.com,2024-01-03,67.74,Pour-over kit,1
ORD003115,customer00709@example.com,2024-01-04,72.91,Travel tumbler,2
ORD000821,customer00093@example.com,2024-01-04,89.95,Espresso blend 1kg,2
ORD003110,customer00708@example.com,2024-01-04,110.88,Gift set,1
ORD000456,customer00051@example.com,2024-01-04,113.45,Cold brew bottle,3
ORD000997,customer00114@example.com,2024-01-05,22.25,Single-origin beans 250g,1
ORD003181,customer00720@example.com,2024-01-05,107.26,Espresso blend 1kg,2
ORD002537,customer00438@example.com,2024-01-05,25.99,Ceramic mug,2
ORD002814,customer00645@example.com,2024-01-05,23.14,Ceramic mug,2
ORD003309,customer00738@example.com,2024-01-05,306.66,Pour-over kit,4
ORD000579,customer00065@example.com,2024-01-05,45.38,Pour-over kit,1
ORD002069,customer00318@example.com,2024-01-05,92.31,Ceramic mug,5
ORD003445,customer00758@example.com,2024-01-05,108.97,Gift set,1
ORD003052,customer00700@example.com,2024-01-06,41.26,Travel tumbler,1
ORD000533,customer00060@example.com,2024-01-06,90.61,Gift set,1
ORD001388,customer00157@example.com,2024-01-06,52.58,Espresso blend 1kg,1
ORD001963,customer00292@example.com,2024-01-06,16.97,Single-origin beans 250g,1
ORD000034,customer00005@example.com,2024-01-07,59.48,Single-origin beans 250g,3
ORD003251,customer00729@example.com,2024-01-07,176.27,Gift set,2
ORD001488,customer00175@example.com,2024-01-07,58.0,Gift set,1
ORD002691,customer00552@example.com,2024-01-07,24.17,Espresso blend 1kg,1
ORD002894,customer00679@example.com,2024-01-08,32.35,Ceramic mug,1
ORD002641,customer00512@example.com,2024-01-08,25.37,Cold brew bottle,1
ORD000190,customer00023@example.com,2024-01-08,51.39,Ceramic mug,2
ORD002265,customer00365@example.com,2024-01-08,60.54,Cold brew bottle,2
ORD003148,customer00715@example.com,2024-01-08,172.27,Cold brew bottle,4
ORD003053,customer00700@example.com,2024-01-08,38.34,Travel tumbler,1
ORD003475,customer00762@example.com,2024-01-08,66.64,Pour-over kit,1
ORD001964,customer00292@example.com,2024-01-08,50.47,Pour-over kit,1
ORD003157,customer00717@example.com,2024-01-08,101.22,Cold brew bottle,2
ORD002966,customer00688@example.com,2024-01-09,36.24,Travel tumbler,1
ORD003277,customer00733@example.com,2024-01-09,85.0,Ceramic mug,3
ORD003236,customer00728@example.com,2024-01-09,126.84,Travel tumbler,3
ORD002487,customer00421@example.com,2024-01-10,60.18,Ceramic mug,3
ORD000173,customer00021@example.com,2024-01-10,140.13,Gift set,2
ORD003280,customer00734@example.com,2024-01-10,157.42,Ceramic mug,5
ORD002842,customer00663@example.com,2024-01-10,44.14,Gift set,1
ORD002834,customer00659@example.com,2024-01-10,46.41,Gift set,1
ORD001025,customer00117@example.com,2024-01-10,68.46,Gift set,1
ORD000393,customer00045@example.com,2024-01-10,78.61,Gift set,1
ORD003207,customer00724@example.com,2024-01-10,25.93,Ceramic mug,1
ORD000822,customer00093@example.com,2024-01-10,207.73,Cold brew bottle,5
ORD000059,customer00008@example.com,2024-01-11,56.19,Pour-over kit,1
ORD002263,customer00364@example.com,2024-01-11,37.99,Pour-over kit,1
ORD001304,customer00146@example.com,2024-01-11,80.24,Espresso blend 1kg,2
ORD000614,customer00068@example.com,2024-01-11,45.18,Cold brew bottle,1
ORD000621,customer00069@example.com,2024-01-11,63.04,Travel tumbler,2
ORD002663,customer00531@example.com,2024-01-11,52.63,Gift set,1
ORD000781,customer00087@example.com,2024-01-11,21.78,Ceramic mug,1
ORD003088,customer00705@example.com,2024-01-11,119.83,Espresso blend 1kg,2
ORD000622,customer00069@example.com,2024-01-11,94.79,Cold brew bottle,3
ORD002910,customer00680@example.com,2024-01-11,139.15,Pour-over kit,2
ORD003446,customer00758@example.com,2024-01-11,35.15,Travel tumbler,1
ORD002762,customer00607@example.com,2024-01-11,50.76,Gift set,1
ORD001369,customer00153@example.com,2024-01-12,45.58,Espresso blend 1kg,1
ORD000191,customer00023@example.com,2024-01-12,35.89,Travel tumbler,1
ORD001630,customer00212@example.com,2024-01-12,24.6,Cold brew bottle,1
ORD001993,customer00298@example.com,2024-01-13,39.07,Cold brew bottle,1
ORD001921,customer00284@example.com,2024-01-13,18.22,Single-origin beans 250g,1
ORD000908,customer00104@example.com,2024-01-13,22.97,Single-origin beans 250g,1
ORD002679,customer00543@example.com,2024-01-13,37.43,Ceramic mug,3
ORD001482,customer00173@example.com,2024-01-13,68.36,Ceramic mug,5
ORD001026,customer00117@example.com,2024-01-14,40.62,Ceramic mug,2
ORD000072,customer00009@example.com,2024-01-14,52.2,Espresso blend 1kg,1
ORD003481,customer00763@example.com,2024-01-14,73.75,Pour-over kit,1
ORD003281,customer00734@example.com,2024-01-15,334.9,Pour-over kit,5
ORD000449,customer00050@example.com,2024-01-15,154.2,Gift set,2
ORD003326,customer00740@example.com,2024-01-15,48.36,Single-origin beans 250g,2
ORD001081,customer00122@example.com,2024-01-16,22.96,Single-origin beans 250g,1
ORD001152,customer00130@example.com,2024-01-16,77.51,Pour-over kit,2
ORD002931,customer00683@example.com,2024-01-17,43.15,Travel tumbler,1
ORD000885,customer00100@example.com,2024-01-17,87.09,Gift set,1
ORD002856,customer00673@example.com,2024-01-17,13.38,Ceramic mug,1
ORD002692,customer00552@example.com,2024-01-17,16.91,Cold brew bottle,1
ORD000083,customer00010@example.com,2024-01-17,25.83,Ceramic mug,1
ORD000983,customer00112@example.com,2024-01-18,74.21,Cold brew bottle,2
ORD001767,customer00247@example.com,2024-01-18,202.92,Espresso blend 1kg,5
ORD003182,customer00720@example.com,2024-01-18,24.46,Ceramic mug,1
ORD003029,customer00696@example.com,2024-01-18,62.38,Pour-over kit,1
ORD000073,customer00009@example.com,2024-01-18,63.56,Travel tumbler,2
ORD002782,customer00621@example.com,2024-01-18,24.65,Espresso blend 1kg,1
ORD002770,customer00613@example.com,2024-01-18,58.32,Espresso blend 1kg,2
ORD003263,customer00731@example.com,2024-01-19,30.25,Single-origin beans 250g,1
ORD001165,customer00131@example.com,2024-01-19,76.97,Espresso blend 1kg,2
ORD002800,customer00633@example.com,2024-01-19,31.71,Espresso blend 1kg,1
ORD002169,customer00343@example.com,2024-01-19,40.26,Single-origin beans 250g,2
ORD003111,customer00708@example.com,2024-01-19,26.13,Ceramic mug,1
ORD003423,customer00755@example.com,2024-01-19,104.67,Single-origin beans 250g,4
ORD001524,customer00184@example.com,2024-01-19,129.37,Gift set,2
ORD000324,customer00037@example.com,2024-01-19,26.1,Ceramic mug,1
ORD003162,customer00718@example.com,2024-01-19,112.51,Espresso blend 1kg,2
ORD003089,customer00705@example.com,2024-01-19,239.47,Gift set,2
ORD003134,customer00713@example.com,2024-01-20,44.14,Espresso blend 1kg,1
ORD001757,customer00245@example.com,2024-01-20,27.6,Cold brew bottle,1
ORD000429,customer00048@example.com,2024-01-20,88.83,Travel tumbler,3
ORD003264,customer00731@example.com,2024-01-21,59.07,Espresso blend 1kg,1
ORD002552,customer00449@example.com,2024-01-21,48.6,Gift set,1
ORD002829,customer00654@example.com,2024-01-21,12.03,Single-origin beans 250g,1
ORD002777,customer00618@example.com,2024-01-21,51.61,Gift set,1
ORD003377,customer00748@example.com,2024-01-21,45.45,Cold brew bottle,1
ORD002580,customer00466@example.com,2024-01-21,51.98,Gift set,1
ORD002887,customer00678@example.com,2024-01-22,149.96,Travel tumbler,4
ORD000035,customer00005@example.com,2024-01-22,22.39,Single-origin beans 250g,1
ORD003343,customer00743@example.com,2024-01-22,32.49,Ceramic mug,1
ORD003296,customer00737@example.com,2024-01-22,79.3,Single-origin beans 250g,3
ORD000984,customer00112@example.com,2024-01-23,22.89,Ceramic mug,1
ORD000540,customer00061@example.com,2024-01-23,48.94,Pour-over kit,1
ORD003183,customer00720@example.com,2024-01-23,124.97,Travel tumbler,3
ORD002203,customer00351@example.com,2024-01-23,13.83,Single-origin beans 250g,1
ORD003439,customer00757@example.com,2024-01-23,54.42,Travel tumbler,2
ORD003482,customer00763@example.com,2024-01-24,81.79,Travel tumbler,2
ORD000192,customer00023@example.com,2024-01-24,160.17,Gift set,2
ORD003352,customer00744@example.com,2024-01-24,61.58,Espresso blend 1kg,1
ORD002170,customer00343@example.com,2024-01-24,135.03,Pour-over kit,3
ORD000605,customer00067@example.com,2024-01-24,99.45,Pour-over kit,2
ORD001027,customer00117@example.com,2024-01-24,31.71,Travel tumbler,1
ORD000815,customer00092@example.com,2024-01-24,25.67,Ceramic mug,1
ORD001096,customer00124@example.com,2024-01-24,189.01,Cold brew bottle,5
ORD002050,customer00312@example.com,2024-01-25,126.93,Gift set,2
ORD000823,customer00093@example.com,2024-01-25,37.83,Single-origin beans 250g,2
ORD000036,customer00005@example.com,2024-01-25,44.96,Pour-over kit,1
ORD003491,customer00765@example.com,2024-01-25,137.98,Espresso blend 1kg,2
ORD003163,customer00718@example.com,2024-01-25,61.06,Pour-over kit,1
ORD001870,customer00273@example.com,2024-01-26,33.05,Espresso blend 1kg,1
ORD001370,customer00153@example.com,2024-01-26,91.09,Travel tumbler,3
ORD000918,customer00105@example.com,2024-01-26,22.52,Ceramic mug,1
ORD003013,customer00694@example.com,2024-01-26,127.77,Espresso blend 1kg,2
ORD000697,customer00078@example.com,2024-01-27,200.01,Pour-over kit,4
ORD002620,customer00497@example.com,2024-01-27,30.44,Pour-over kit,1
ORD001208,customer00135@example.com,2024-01-27,20.15,Single-origin beans 250g,1
ORD002314,customer00376@example.com,2024-01-27,16.02,Single-origin beans 250g,1
ORD001284,customer00144@example.com,2024-01-27,45.05,Espresso blend 1kg,1
ORD003492,customer00765@example.com,2024-01-27,68.04,Pour-over kit,1
ORD001753,customer00244@example.com,2024-01-27,44.4,Pour-over kit,1
ORD002941,customer00685@example.com,2024-01-28,29.64,Single-origin beans 250g,1
ORD003164,customer00718@example.com,2024-01-28,25.84,Ceramic mug,1
ORD000623,customer00069@example.com,2024-01-28,86.03,Gift set,1
ORD002932,customer00683@example.com,2024-01-28,33.6,Travel tumbler,1
ORD002070,customer00318@example.com,2024-01-29,17.05,Single-origin beans 250g,1
ORD001028,customer00117@example.com,2024-01-29,33.17,Travel tumbler,1
ORD002768,customer00611@example.com,2024-01-29,10.09,Single-origin beans 250g,1
ORD001124,customer00127@example.com,2024-01-29,28.66,Travel tumbler,1
ORD003344,customer00743@example.com,2024-01-29,134.15,Espresso blend 1kg,2
ORD001754,customer00244@example.com,2024-01-29,119.88,Gift set,2
ORD002933,customer00683@example.com,2024-01-30,119.05,Cold brew bottle,3
ORD003171,customer00719@example.com,2024-01-30,83.31,Gift set,1
ORD002614,customer00492@example.com,2024-01-30,16.89,Travel tumbler,1
ORD002861,customer00675@example.com,2024-01-31,12.43,Single-origin beans 250g,1
ORD000364,customer00042@example.com,2024-01-31,81.3,Pour-over kit,2
ORD000450,customer00050@example.com,2024-01-31,260.41,Espresso blend 1kg,5
ORD002876,customer00677@example.com,2024-01-31,82.52,Gift set,1
ORD000580,customer00065@example.com,2024-01-31,30.22,Travel tumbler,1
ORD000625,customer00069@example.com,2024-02-01,104.55,Espresso blend 1kg,2
ORD002460,customer00415@example.com,2024-02-01,39.35,Pour-over kit,1
ORD000581,customer00065@example.com,2024-02-01,50.84,Pour-over kit,1
ORD002576,customer00464@example.com,2024-02-01,80.64,Espresso blend 1kg,3
ORD000534,customer00060@example.com,2024-02-01,22.35,Single-origin beans 250g,1
ORD001885,customer00277@example.com,2024-02-01,17.69,Ceramic mug,1
ORD000624,customer00069@example.com,2024-02-01,39.38,Travel tumbler,1
ORD002595,customer00478@example.com,2024-02-02,58.77,Espresso blend 1kg,2
ORD002654,customer00522@example.com,2024-02-02,30.83,Ceramic mug,2
ORD003125,customer00711@example.com,2024-02-02,59.17,Pour-over kit,1
ORD002362,customer00389@example.com,2024-02-03,23.66,Travel tumbler,1
ORD001965,customer00292@example.com,2024-02-03,26.64,Cold brew bottle,1
ORD003030,customer00696@example.com,2024-02-03,312.47,Gift set,3
ORD000888,customer00101@example.com,2024-02-03,24.36,Ceramic mug,1
ORD002573,customer00463@example.com,2024-02-03,16.95,Cold brew bottle,1
ORD003184,customer00720@example.com,2024-02-03,21.9,Ceramic mug,1
ORD001305,customer00146@example.com,2024-02-03,42.42,Espresso blend 1kg,1
ORD000909,customer00104@example.com,2024-02-03,155.14,Cold brew bottle,4
ORD003194,customer00722@example.com,2024-02-04,30.54,Ceramic mug,1
ORD001941,customer00288@example.com,2024-02-04,98.28,Ceramic mug,5
ORD001492,customer00176@example.com,2024-02-04,15.95,Single-origin beans 250g,1
ORD000193,customer00023@example.com,2024-02-04,34.16,Travel tumbler,1
ORD000919,customer00105@example.com,2024-02-04,82.25,Cold brew bottle,2
ORD003493,customer00765@example.com,2024-02-05,35.36,Travel tumbler,1
ORD001113,customer00126@example.com,2024-02-05,84.51,Cold brew bottle,2
ORD002450,customer00413@example.com,2024-02-06,23.0,Cold brew bottle,1
ORD002937,customer00684@example.com,2024-02-06,113.44,Espresso blend 1kg,2
ORD000074,customer00009@example.com,2024-02-06,20.93,Single-origin beans 250g,1
ORD001178,customer00132@example.com,2024-02-06,18.8,Ceramic mug,1
ORD001457,customer00168@example.com,2024-02-06,33.11,Ceramic mug,2
ORD003357,customer00745@example.com,2024-02-07,35.84,Travel tumbler,1
ORD001901,customer00279@example.com,2024-02-07,15.08,Single-origin beans 250g,1
ORD002806,customer00639@example.com,2024-02-07,22.61,Cold brew bottle,1
ORD002987,customer00690@example.com,2024-02-07,131.46,Pour-over kit,2
ORD003172,customer00719@example.com,2024-02-08,117.2,Gift set,1
ORD000698,customer00078@example.com,2024-02-08,76.77,Gift set,1
ORD003090,customer00705@example.com,2024-02-08,25.5,Single-origin beans 250g,1
ORD002633,customer00506@example.com,2024-02-08,251.74,Gift set,5
ORD003327,customer00740@example.com,2024-02-08,39.12,Travel tumbler,1
ORD001918,customer00283@example.com,2024-02-08,64.19,Espresso blend 1kg,2
ORD002916,customer00681@example.com,2024-02-09,24.8,Ceramic mug,1
ORD000325,customer00037@example.com,2024-02-09,78.81,Gift set,1
ORD001706,customer00233@example.com,2024-02-09,26.87,Cold brew bottle,1
ORD000181,customer00022@example.com,2024-02-09,159.22,Travel tumbler,5
ORD000606,customer00067@example.com,2024-02-10,27.67,Travel tumbler,1
ORD003483,customer00763@example.com,2024-02-10,72.98,Pour-over kit,1
ORD001103,customer00125@example.com,2024-02-10,59.78,Pour-over kit,1
ORD003265,customer00731@example.com,2024-02-10,38.02,Travel tumbler,1
ORD003403,customer00752@example.com,2024-02-10,116.39,Gift set,1
ORD001795,customer00254@example.com,2024-02-10,47.18,Travel tumbler,2
ORD000292,customer00034@example.com,2024-02-10,23.69,Ceramic mug,1
ORD000920,customer00105@example.com,2024-02-11,71.25,Cold brew bottle,2
ORD003173,customer00719@example.com,2024-02-11,30.65,Travel tumbler,1
ORD003257,customer00730@example.com,2024-02-11,71.43,Pour-over kit,1
ORD000626,customer00069@example.com,2024-02-12,71.45,Gift set,1
ORD003112,customer00708@example.com,2024-02-12,65.22,Single-origin beans 250g,4
ORD003094,customer00706@example.com,2024-02-12,130.49,Pour-over kit,2
ORD002173,customer00344@example.com,2024-02-12,23.42,Cold brew bottle,1
ORD000731,customer00082@example.com,2024-02-12,57.88,Travel tumbler,2
ORD000953,customer00109@example.com,2024-02-12,58.54,Pour-over kit,1
ORD003158,customer00717@example.com,2024-02-13,112.17,Gift set,1
ORD003495,customer00765@example.com,2024-02-13,38.71,Travel tumbler,1
ORD001860,customer00269@example.com,2024-02-13,19.77,Ceramic mug,1
ORD001153,customer00130@example.com,2024-02-13,73.4,Travel tumbler,2
ORD003494,customer00765@example.com,2024-02-13,63.51,Ceramic mug,2
ORD000889,customer00101@example.com,2024-02-13,28.88,Travel tumbler,1
ORD000245,customer00029@example.com,2024-02-14,50.77,Pour-over kit,1
ORD000890,customer00101@example.com,2024-02-14,46.81,Pour-over kit,1
ORD003014,customer00694@example.com,2024-02-14,114.91,Espresso blend 1kg,2
ORD000874,customer00099@example.com,2024-02-14,45.49,Single-origin beans 250g,2
ORD001658,customer00219@example.com,2024-02-14,84.59,Pour-over kit,2
ORD003353,customer00744@example.com,2024-02-15,249.08,Gift set,2
ORD000494,customer00055@example.com,2024-02-15,31.09,Cold brew bottle,1
ORD000998,customer00114@example.com,2024-02-15,39.54,Cold brew bottle,1
ORD001125,customer00127@example.com,2024-02-15,30.28,Travel tumbler,1
ORD001104,customer00125@example.com,2024-02-16,60.27,Cold brew bottle,2
ORD001701,customer00232@example.com,2024-02-16,30.67,Cold brew bottle,1
ORD003447,customer00758@example.com,2024-02-16,208.47,Travel tumbler,5
ORD003217,customer00725@example.com,2024-02-16,114.62,Travel tumbler,3
ORD001970,customer00293@example.com,2024-02-16,17.0,Single-origin beans 250g,1
ORD002895,customer00679@example.com,2024-02-17,39.33,Cold brew bottle,1
ORD001718,customer00236@example.com,2024-02-17,37.91,Espresso blend 1kg,1
ORD003237,customer00728@example.com,2024-02-17,19.95,Single-origin beans 250g,1
ORD002961,customer00687@example.com,2024-02-17,86.79,Cold brew bottle,2
ORD002729,customer00583@example.com,2024-02-17,16.73,Travel tumbler,1
ORD000126,customer00015@example.com,2024-02-18,95.32,Gift set,1
ORD002089,customer00324@example.com,2024-02-18,93.64,Travel tumbler,4
ORD001324,customer00148@example.com,2024-02-19,16.28,Single-origin beans 250g,1
ORD002888,customer00678@example.com,2024-02-19,61.55,Pour-over kit,1
ORD003378,customer00748@example.com,2024-02-19,125.89,Travel tumbler,3
ORD001442,customer00164@example.com,2024-02-19,53.9,Gift set,1
ORD001621,customer00209@example.com,2024-02-19,66.33,Gift set,1
ORD003496,customer00765@example.com,2024-02-19,100.31,Gift set,1
ORD000157,customer00020@example.com,2024-02-19,99.76,Travel tumbler,3
ORD003363,customer00746@example.com,2024-02-19,135.57,Pour-over kit,2
ORD002808,customer00641@example.com,2024-02-20,65.5,Pour-over kit,2
ORD002788,customer00625@example.com,2024-02-20,13.72,Single-origin beans 250g,1
ORD002967,customer00688@example.com,2024-02-20,65.94,Espresso blend 1kg,1
ORD003208,customer00724@example.com,2024-02-20,140.43,Ceramic mug,4
ORD002830,customer00655@example.com,2024-02-20,29.95,Ceramic mug,2
ORD003195,customer00722@example.com,2024-02-21,46.81,Cold brew bottle,1
ORD000384,customer00044@example.com,2024-02-21,39.13,Espresso blend 1kg,1
ORD001617,customer00207@example.com,2024-02-21,49.0,Espresso blend 1kg,1
ORD003060,customer00701@example.com,2024-02-22,93.0,Gift set,1
ORD001641,customer00215@example.com,2024-02-22,61.89,Single-origin beans 250g,4
ORD001378,customer00155@example.com,2024-02-23,23.15,Ceramic mug,1
ORD002326,customer00379@example.com,2024-02-23,157.5,Pour-over kit,3
ORD000050,customer00007@example.com,2024-02-23,28.24,Ceramic mug,1
ORD002494,customer00423@example.com,2024-02-23,30.95,Ceramic mug,2
ORD003484,customer00763@example.com,2024-02-23,30.53,Single-origin beans 250g,1
ORD001097,customer00124@example.com,2024-02-23,25.26,Ceramic mug,1
ORD000891,customer00101@example.com,2024-02-24,22.52,Single-origin beans 250g,1
ORD001886,customer00277@example.com,2024-02-24,40.74,Espresso blend 1kg,1
ORD002687,customer00550@example.com,2024-02-24,26.75,Pour-over kit,1
ORD002778,customer00618@example.com,2024-02-24,69.01,Espresso blend 1kg,2
ORD002616,customer00494@example.com,2024-02-24,43.05,Cold brew bottle,2
ORD002942,customer00685@example.com,2024-02-24,69.03,Travel tumbler,2
ORD002742,customer00590@example.com,2024-02-24,210.93,Gift set,4
ORD001664,customer00220@example.com,2024-02-25,41.9,Pour-over kit,1
ORD002843,customer00664@example.com,2024-02-25,14.36,Single-origin beans 250g,1
ORD000158,customer00020@example.com,2024-02-25,45.11,Pour-over kit,1
ORD000084,customer00010@example.com,2024-02-25,83.88,Gift set,1
ORD002838,customer00662@example.com,2024-02-26,63.45,Espresso blend 1kg,2
ORD003399,customer00751@example.com,2024-02-26,98.36,Gift set,1
ORD001942,customer00288@example.com,2024-02-26,19.55,Single-origin beans 250g,1
ORD002988,customer00690@example.com,2024-02-27,336.83,Gift set,3
ORD000266,customer00031@example.com,2024-02-27,80.89,Gift set,1
ORD000265,customer00031@example.com,2024-02-27,124.93,Pour-over kit,2
ORD003061,customer00701@example.com,2024-02-27,114.95,Espresso blend 1kg,2
ORD003345,customer00743@example.com,2024-02-27,102.82,Single-origin beans 250g,3
ORD001493,customer00176@example.com,2024-02-27,61.1,Cold brew bottle,2
ORD000522,customer00058@example.com,2024-02-27,55.59,Espresso blend 1kg,1
ORD002547,customer00445@example.com,2024-02-28,33.77,Espresso blend 1kg,1
ORD002911,customer00680@example.com,2024-02-28,118.41,Gift set,1
ORD000293,customer00034@example.com,2024-02-28,48.97,Pour-over kit,1
ORD002759,customer00605@example.com,2024-02-28,59.98,Gift set,1
ORD003364,customer00746@example.com,2024-02-28,126.86,Pour-over kit,2
ORD003268,customer00732@example.com,2024-02-28,52.67,Espresso blend 1kg,1
ORD002822,customer00651@example.com,2024-02-29,59.94,Gift set,1
ORD000195,customer00023@example.com,2024-02-29,226.63,Pour-over kit,4
ORD000194,customer00023@example.com,2024-02-29,51.59,Pour-over kit,1
ORD000985,customer00112@example.com,2024-02-29,90.04,Gift set,1
ORD003196,customer00722@example.com,2024-02-29,36.08,Travel tumbler,1
ORD002737,customer00588@example.com,2024-03-01,25.02,Single-origin beans 250g,2
ORD002760,customer00605@example.com,2024-03-01,22.74,Cold brew bottle,1
ORD001179,customer00132@example.com,2024-03-01,51.29,Espresso blend 1kg,1
ORD002962,customer00687@example.com,2024-03-01,104.62,Cold brew bottle,2
ORD002726,customer00580@example.com,2024-03-01,55.35,Cold brew bottle,3
ORD003209,customer00724@example.com,2024-03-02,133.44,Travel tumbler,3
ORD003054,customer00700@example.com,2024-03-02,118.85,Pour-over kit,2
ORD000394,customer00045@example.com,2024-03-02,56.28,Pour-over kit,1
ORD001458,customer00168@example.com,2024-03-02,37.72,Espresso blend 1kg,1
ORD002229,customer00356@example.com,2024-03-03,328.86,Gift set,5
ORD001796,customer00254@example.com,2024-03-03,41.52,Pour-over kit,1
ORD001928,customer00286@example.com,2024-03-03,160.5,Espresso blend 1kg,4
ORD001166,customer00131@example.com,2024-03-03,67.67,Pour-over kit,1
ORD000754,customer00084@example.com,2024-03-04,57.03,Espresso blend 1kg,1
ORD000332,customer00038@example.com,2024-03-04,57.34,Pour-over kit,1
ORD001325,customer00148@example.com,2024-03-04,33.92,Travel tumbler,1
ORD003415,customer00754@example.com,2024-03-04,39.37,Travel tumbler,1
ORD003031,customer00696@example.com,2024-03-04,65.56,Pour-over kit,1
ORD000407,customer00046@example.com,2024-03-04,102.24,Espresso blend 1kg,2
ORD001946,customer00289@example.com,2024-03-04,18.8,Single-origin beans 250g,1
ORD000333,customer00038@example.com,2024-03-05,40.13,Cold brew bottle,1
ORD002824,customer00652@example.com,2024-03-05,14.07,Single-origin beans 250g,1
ORD001603,customer00203@example.com,2024-03-05,28.56,Cold brew bottle,1
ORD000541,customer00061@example.com,2024-03-05,91.51,Pour-over kit,2
ORD001929,customer00286@example.com,2024-03-05,61.1,Cold brew bottle,2
ORD001755,customer00244@example.com,2024-03-05,32.77,Espresso blend 1kg,1
ORD002583,customer00469@example.com,2024-03-05,89.95,Espresso blend 1kg,3
ORD001683,customer00228@example.com,2024-03-06,25.08,Cold brew bottle,1
ORD002363,customer00389@example.com,2024-03-06,16.55,Ceramic mug,1
ORD000732,customer00082@example.com,2024-03-06,38.39,Espresso blend 1kg,1
ORD000965,customer00111@example.com,2024-03-06,16.85,Single-origin beans 250g,1
ORD002188,customer00348@example.com,2024-03-06,14.57,Single-origin beans 250g,1
ORD002600,customer00482@example.com,2024-03-06,31.03,Travel tumbler,2
ORD000755,customer00084@example.com,2024-03-06,39.61,Ceramic mug,2
ORD000615,customer00068@example.com,2024-03-06,59.36,Pour-over kit,1
ORD000326,customer00037@example.com,2024-03-07,23.71,Ceramic mug,1
ORD000140,customer00017@example.com,2024-03-07,162.19,Gift set,2
ORD000561,customer00063@example.com,2024-03-08,31.55,Cold brew bottle,1
ORD002495,customer00423@example.com,2024-03-08,38.32,Single-origin beans 250g,2
ORD000660,customer00074@example.com,2024-03-08,47.46,Cold brew bottle,1
ORD000182,customer00022@example.com,2024-03-08,20.45,Single-origin beans 250g,1
ORD001306,customer00146@example.com,2024-03-09,20.03,Ceramic mug,1
ORD000782,customer00087@example.com,2024-03-09,48.99,Single-origin beans 250g,2
ORD000051,customer00007@example.com,2024-03-09,34.73,Cold brew bottle,1
ORD002302,customer00373@example.com,2024-03-09,40.09,Espresso blend 1kg,1
ORD001098,customer00124@example.com,2024-03-09,53.09,Pour-over kit,1
ORD002607,customer00488@example.com,2024-03-09,88.88,Cold brew bottle,4
ORD003197,customer00722@example.com,2024-03-09,116.79,Gift set,1
ORD001673,customer00224@example.com,2024-03-09,28.4,Travel tumbler,1
ORD002059,customer00316@example.com,2024-03-09,32.56,Pour-over kit,1
ORD003032,customer00696@example.com,2024-03-10,94.01,Gift set,1
ORD002008,customer00301@example.com,2024-03-10,49.47,Ceramic mug,3
ORD000196,customer00023@example.com,2024-03-10,55.04,Espresso blend 1kg,1
ORD002963,customer00687@example.com,2024-03-10,63.05,Single-origin beans 250g,2
ORD001443,customer00164@example.com,2024-03-10,31.68,Single-origin beans 250g,2
ORD002479,customer00419@example.com,2024-03-10,81.59,Espresso blend 1kg,2
ORD002896,customer00679@example.com,2024-03-11,38.93,Travel tumbler,1
ORD000203,customer00024@example.com,2024-03-12,163.56,Pour-over kit,3
ORD001474,customer00172@example.com,2024-03-12,30.65,Cold brew bottle,1
ORD003238,customer00728@example.com,2024-03-12,78.15,Travel tumbler,2
ORD000127,customer00015@example.com,2024-03-12,82.54,Cold brew bottle,2
ORD001516,customer00181@example.com,2024-03-13,17.42,Ceramic mug,1
ORD003269,customer00732@example.com,2024-03-13,91.09,Cold brew bottle,2
ORD001374,customer00154@example.com,2024-03-13,22.15,Ceramic mug,1
ORD000589,customer00066@example.com,2024-03-13,40.38,Cold brew bottle,1
ORD002174,customer00344@example.com,2024-03-14,95.06,Cold brew bottle,4
ORD001209,customer00135@example.com,2024-03-14,131.18,Pour-over kit,2
ORD001326,customer00148@example.com,2024-03-14,114.73,Pour-over kit,2
ORD003210,customer00724@example.com,2024-03-14,40.97,Travel tumbler,1
ORD000783,customer00087@example.com,2024-03-14,153.06,Gift set,2
ORD003332,customer00741@example.com,2024-03-14,30.19,Travel tumbler,1
ORD001577,customer00197@example.com,2024-03-14,61.0,Single-origin beans 250g,4
ORD001707,customer00233@example.com,2024-03-14,50.68,Travel tumbler,2
ORD001887,customer00277@example.com,2024-03-14,68.81,Gift set,1
ORD002377,customer00396@example.com,2024-03-14,39.12,Espresso blend 1kg,1
ORD002042,customer00310@example.com,2024-03-15,41.92,Pour-over kit,1
ORD003282,customer00734@example.com,2024-03-15,40.4,Travel tumbler,1
ORD001464,customer00170@example.com,2024-03-15,63.29,Gift set,1
ORD001714,customer00235@example.com,2024-03-16,20.04,Ceramic mug,1
ORD002206,customer00352@example.com,2024-03-16,22.99,Travel tumbler,1
ORD003270,customer00732@example.com,2024-03-16,34.23,Travel tumbler,1
ORD000633,customer00070@example.com,2024-03-16,44.97,Single-origin beans 250g,2
ORD001838,customer00264@example.com,2024-03-16,76.6,Gift set,1
ORD000019,customer00003@example.com,2024-03-16,160.34,Gift set,2
ORD003489,customer00764@example.com,2024-03-16,30.54,Ceramic mug,1
ORD001708,customer00233@example.com,2024-03-16,72.73,Gift set,1
ORD002220,customer00354@example.com,2024-03-16,81.3,Pour-over kit,2
ORD000334,customer00038@example.com,2024-03-16,50.35,Ceramic mug,2
ORD002081,customer00321@example.com,2024-03-16,26.07,Cold brew bottle,1
ORD003218,customer00725@example.com,2024-03-16,25.39,Ceramic mug,1
ORD001285,customer00144@example.com,2024-03-17,35.41,Cold brew bottle,1
ORD000699,customer00078@example.com,2024-03-17,106.92,Gift set,1
ORD000026,customer00004@example.com,2024-03-17,97.67,Gift set,1
ORD000850,customer00096@example.com,2024-03-17,128.89,Travel tumbler,4
ORD000052,customer00007@example.com,2024-03-17,20.29,Ceramic mug,1
ORD002897,customer00679@example.com,2024-03-17,131.69,Ceramic mug,4
ORD003165,customer00718@example.com,2024-03-17,64.77,Ceramic mug,2
ORD001864,customer00272@example.com,2024-03-17,207.05,Gift set,3
ORD002568,customer00460@example.com,2024-03-18,25.89,Cold brew bottle,1
ORD002851,customer00669@example.com,2024-03-18,25.29,Espresso blend 1kg,1
ORD002488,customer00421@example.com,2024-03-18,19.86,Ceramic mug,1
ORD002535,customer00437@example.com,2024-03-18,54.55,Gift set,1
ORD000682,customer00076@example.com,2024-03-19,82.04,Gift set,1
ORD000607,customer00067@example.com,2024-03-19,264.17,Espresso blend 1kg,5
ORD000542,customer00061@example.com,2024-03-19,108.76,Cold brew bottle,3
ORD001659,customer00219@example.com,2024-03-19,50.6,Travel tumbler,2
ORD001210,customer00135@example.com,2024-03-20,46.77,Espresso blend 1kg,1
ORD001604,customer00203@example.com,2024-03-20,287.06,Gift set,4
ORD002705,customer00564@example.com,2024-03-20,44.39,Gift set,1
ORD002077,customer00319@example.com,2024-03-20,20.79,Travel tumbler,1
ORD002315,customer00376@example.com,2024-03-20,113.64,Cold brew bottle,4
ORD000543,customer00061@example.com,2024-03-20,136.16,Espresso blend 1kg,3
ORD000294,customer00034@example.com,2024-03-21,116.31,Cold brew bottle,3
ORD002277,customer00368@example.com,2024-03-21,15.62,Single-origin beans 250g,1
ORD000085,customer00010@example.com,2024-03-21,94.83,Espresso blend 1kg,2
ORD001815,customer00259@example.com,2024-03-21,151.12,Cold brew bottle,5
ORD002688,customer00550@example.com,2024-03-21,17.25,Single-origin beans 250g,1
ORD003151,customer00716@example.com,2024-03-21,98.16,Espresso blend 1kg,2
ORD002793,customer00628@example.com,2024-03-22,30.03,Espresso blend 1kg,1
ORD001008,customer00115@example.com,2024-03-22,28.46,Ceramic mug,1
ORD002175,customer00344@example.com,2024-03-22,48.66,Single-origin beans 250g,3
ORD002569,customer00460@example.com,2024-03-22,59.61,Gift set,1
ORD002266,customer00365@example.com,2024-03-22,49.61,Pour-over kit,1
ORD002539,customer00440@example.com,2024-03-22,74.97,Pour-over kit,2
ORD000495,customer00055@example.com,2024-03-22,43.96,Espresso blend 1kg,1
ORD001626,customer00211@example.com,2024-03-23,18.44,Ceramic mug,1
ORD000037,customer00005@example.com,2024-03-23,56.65,Pour-over kit,1
ORD000809,customer00091@example.com,2024-03-23,32.34,Travel tumbler,1
ORD000688,customer00077@example.com,2024-03-23,28.03,Cold brew bottle,1
ORD000147,customer00018@example.com,2024-03-23,27.88,Travel tumbler,1
ORD000921,customer00105@example.com,2024-03-23,18.02,Ceramic mug,1
ORD000509,customer00057@example.com,2024-03-23,290.66,Gift set,3
ORD001646,customer00216@example.com,2024-03-23,168.19,Gift set,2
ORD002656,customer00524@example.com,2024-03-23,14.08,Ceramic mug,1
ORD003283,customer00734@example.com,2024-03-23,271.48,Gift set,3
ORD001943,customer00288@example.com,2024-03-24,17.36,Single-origin beans 250g,1
ORD000799,customer00090@example.com,2024-03-24,168.58,Pour-over kit,3
ORD002303,customer00373@example.com,2024-03-25,17.18,Single-origin beans 250g,1
ORD000910,customer00104@example.com,2024-03-25,79.28,Cold brew bottle,2
ORD000700,customer00078@example.com,2024-03-25,34.49,Ceramic mug,2
ORD002943,customer00685@example.com,2024-03-26,129.13,Pour-over kit,2
ORD001126,customer00127@example.com,2024-03-26,61.85,Cold brew bottle,2
ORD000526,customer00059@example.com,2024-03-26,73.06,Ceramic mug,4
ORD001503,customer00178@example.com,2024-03-26,131.27,Cold brew bottle,4
ORD003211,customer00724@example.com,2024-03-26,61.33,Ceramic mug,2
ORD001225,customer00138@example.com,2024-03-26,51.67,Pour-over kit,1
ORD002898,customer00679@example.com,2024-03-27,38.4,Travel tumbler,1
ORD002230,customer00356@example.com,2024-03-27,27.37,Cold brew bottle,1
ORD001494,customer00176@example.com,2024-03-27,99.87,Gift set,2
ORD001642,customer00215@example.com,2024-03-27,17.95,Ceramic mug,1
ORD001291,customer00145@example.com,2024-03-27,20.07,Single-origin beans 250g,1
ORD002944,customer00685@example.com,2024-03-27,60.5,Travel tumbler,2
ORD000954,customer00109@example.com,2024-03-27,20.15,Single-origin beans 250g,1
ORD002666,customer00534@example.com,2024-03-27,28.91,Espresso blend 1kg,1
ORD001090,customer00123@example.com,2024-03-28,32.4,Travel tumbler,1
ORD002803,customer00636@example.com,2024-03-28,20.88,Cold brew bottle,1
ORD000955,customer00109@example.com,2024-03-28,92.94,Espresso blend 1kg,2
ORD002489,customer00421@example.com,2024-03-28,22.38,Cold brew bottle,1
ORD001729,customer00238@example.com,2024-03-28,101.25,Cold brew bottle,3
ORD002622,customer00498@example.com,2024-03-28,44.02,Gift set,1
ORD000608,customer00067@example.com,2024-03-28,272.77,Gift set,3
ORD003015,customer00694@example.com,2024-03-29,79.18,Pour-over kit,1
ORD000020,customer00003@example.com,2024-03-30,117.4,Pour-over kit,2
ORD000250,customer00030@example.com,2024-03-30,40.98,Cold brew bottle,1
ORD002231,customer00356@example.com,2024-03-31,44.04,Pour-over kit,1
ORD002480,customer00419@example.com,2024-03-31,24.9,Travel tumbler,1
ORD000999,customer00114@example.com,2024-03-31,39.75,Ceramic mug,2
ORD002766,customer00609@example.com,2024-03-31,15.77,Ceramic mug,1
ORD000267,customer00031@example.com,2024-03-31,23.6,Cold brew bottle,1
ORD002500,customer00425@example.com,2024-03-31,35.44,Single-origin beans 250g,2
ORD002816,customer00647@example.com,2024-03-31,11.04,Single-origin beans 250g,1
ORD001307,customer00146@example.com,2024-03-31,18.19,Single-origin beans 250g,1
ORD002761,customer00606@example.com,2024-04-01,74.4,Travel tumbler,4
ORD003055,customer00700@example.com,2024-04-01,74.21,Espresso blend 1kg,1
ORD002763,customer00607@example.com,2024-04-01,15.38,Ceramic mug,1
ORD003346,customer00743@example.com,2024-04-02,23.98,Single-origin beans 250g,1
ORD003062,customer00701@example.com,2024-04-02,69.73,Pour-over kit,1
ORD001761,customer00246@example.com,2024-04-02,44.78,Espresso blend 1kg,1
ORD002440,customer00410@example.com,2024-04-03,120.0,Espresso blend 1kg,3
ORD003284,customer00734@example.com,2024-04-03,86.41,Cold brew bottle,2
ORD000053,customer00007@example.com,2024-04-03,91.02,Gift set,1
ORD002785,customer00624@example.com,2024-04-03,13.98,Ceramic mug,1
ORD000966,customer00111@example.com,2024-04-03,28.85,Ceramic mug,1
ORD001595,customer00201@example.com,2024-04-03,14.98,Single-origin beans 250g,1
ORD001930,customer00286@example.com,2024-04-03,38.18,Espresso blend 1kg,1
ORD001684,customer00228@example.com,2024-04-03,85.36,Espresso blend 1kg,2
ORD000075,customer00009@example.com,2024-04-04,149.62,Pour-over kit,3
ORD003006,customer00693@example.com,2024-04-04,66.04,Pour-over kit,1
ORD002917,customer00681@example.com,2024-04-04,222.66,Gift set,2
ORD002570,customer00460@example.com,2024-04-04,111.86,Gift set,2
ORD002550,customer00448@example.com,2024-04-04,28.82,Single-origin beans 250g,2
ORD002821,customer00650@example.com,2024-04-04,11.72,Single-origin beans 250g,1
ORD003056,customer00700@example.com,2024-04-05,60.78,Espresso blend 1kg,1
ORD001049,customer00119@example.com,2024-04-05,46.51,Espresso blend 1kg,1
ORD003174,customer00719@example.com,2024-04-05,35.82,Travel tumbler,1
ORD003333,customer00741@example.com,2024-04-05,71.89,Espresso blend 1kg,1
ORD001167,customer00131@example.com,2024-04-05,28.83,Cold brew bottle,1
ORD001286,customer00144@example.com,2024-04-05,63.28,Travel tumbler,2
ORD001525,customer00184@example.com,2024-04-06,14.8,Single-origin beans 250g,1
ORD002560,customer00454@example.com,2024-04-06,34.2,Pour-over kit,1
ORD001475,customer00172@example.com,2024-04-06,54.08,Travel tumbler,2
ORD003319,customer00739@example.com,2024-04-06,85.06,Cold brew bottle,2
ORD001966,customer00292@example.com,2024-04-06,64.94,Espresso blend 1kg,2
ORD002852,customer00670@example.com,2024-04-06,32.34,Espresso blend 1kg,1
ORD000582,customer00065@example.com,2024-04-06,54.37,Pour-over kit,1
ORD002733,customer00585@example.com,2024-04-06,56.28,Travel tumbler,3
ORD001396,customer00158@example.com,2024-04-07,57.54,Single-origin beans 250g,3
ORD000784,customer00087@example.com,2024-04-07,82.41,Cold brew bottle,2
ORD001635,customer00214@example.com,2024-04-08,16.25,Ceramic mug,1
ORD002945,customer00685@example.com,2024-04-08,88.67,Travel tumbler,2
ORD000550,customer00062@example.com,2024-04-08,92.58,Gift set,1
ORD001069,customer00121@example.com,2024-04-08,38.16,Cold brew bottle,1
ORD000463,customer00052@example.com,2024-04-08,48.34,Espresso blend 1kg,1
ORD000785,customer00087@example.com,2024-04-09,92.01,Espresso blend 1kg,2
ORD002779,customer00618@example.com,2024-04-09,53.1,Gift set,1
ORD001114,customer00126@example.com,2024-04-09,79.89,Gift set,1
ORD000408,customer00046@example.com,2024-04-09,215.12,Cold brew bottle,5
ORD003358,customer00745@example.com,2024-04-09,337.95,Pour-over kit,4
ORD003347,customer00743@example.com,2024-04-10,41.87,Travel tumbler,1
ORD000430,customer00048@example.com,2024-04-10,23.79,Single-origin beans 250g,1
ORD001532,customer00185@example.com,2024-04-10,27.35,Travel tumbler,1
ORD002051,customer00312@example.com,2024-04-10,17.07,Single-origin beans 250g,1
ORD001865,customer00272@example.com,2024-04-10,72.22,Ceramic mug,5
ORD002451,customer00413@example.com,2024-04-10,68.28,Gift set,1
ORD001375,customer00154@example.com,2024-04-10,58.39,Pour-over kit,1
ORD000358,customer00041@example.com,2024-04-10,27.47,Ceramic mug,1
ORD000246,customer00029@example.com,2024-04-11,24.18,Ceramic mug,1
ORD001495,customer00176@example.com,2024-04-11,70.42,Gift set,1
ORD002149,customer00339@example.com,2024-04-11,153.87,Pour-over kit,4
ORD002772,customer00614@example.com,2024-04-11,18.86,Travel tumbler,1
ORD001633,customer00213@example.com,2024-04-12,47.07,Cold brew bottle,2
ORD000159,customer00020@example.com,2024-04-12,87.16,Gift set,1
ORD001070,customer00121@example.com,2024-04-12,35.07,Cold brew bottle,1
ORD000938,customer00107@example.com,2024-04-12,102.38,Travel tumbler,3
ORD002598,customer00480@example.com,2024-04-12,46.88,Cold brew bottle,2
ORD002024,customer00305@example.com,2024-04-12,30.18,Single-origin beans 250g,2
ORD001191,customer00133@example.com,2024-04-12,174.81,Espresso blend 1kg,4
ORD001327,customer00148@example.com,2024-04-12,18.79,Single-origin beans 250g,1
ORD001649,customer00217@example.com,2024-04-13,29.69,Travel tumbler,1
ORD002327,customer00379@example.com,2024-04-13,14.42,Single-origin beans 250g,1
ORD000327,customer00037@example.com,2024-04-13,110.14,Travel tumbler,3
ORD001888,customer00277@example.com,2024-04-13,55.57,Gift set,1
ORD002452,customer00413@example.com,2024-04-14,37.54,Espresso blend 1kg,1
ORD000359,customer00041@example.com,2024-04-14,24.45,Ceramic mug,1
ORD002237,customer00358@example.com,2024-04-14,266.36,Gift set,4
ORD003328,customer00740@example.com,2024-04-14,48.07,Ceramic mug,2
ORD002511,customer00429@example.com,2024-04-14,112.0,Gift set,2
ORD001168,customer00131@example.com,2024-04-15,27.48,Ceramic mug,1
ORD000060,customer00008@example.com,2024-04-15,85.94,Espresso blend 1kg,2
ORD003365,customer00746@example.com,2024-04-15,89.62,Travel tumbler,2
ORD002589,customer00473@example.com,2024-04-15,115.32,Travel tumbler,5
ORD000967,customer00111@example.com,2024-04-15,128.36,Pour-over kit,2
ORD000409,customer00046@example.com,2024-04-15,86.94,Travel tumbler,3
ORD000986,customer00112@example.com,2024-04-16,57.95,Pour-over kit,1
ORD003212,customer00724@example.com,2024-04-16,61.22,Pour-over kit,1
ORD000160,customer00020@example.com,2024-04-16,47.87,Ceramic mug,2
ORD002823,customer00651@example.com,2024-04-17,22.09,Cold brew bottle,1
ORD001526,customer00184@example.com,2024-04-17,76.9,Espresso blend 1kg,2
ORD002267,customer00365@example.com,2024-04-17,73.26,Gift set,1
ORD002543,customer00443@example.com,2024-04-17,31.08,Pour-over kit,1
ORD001315,customer00147@example.com,2024-04-17,101.7,Single-origin beans 250g,4
ORD002877,customer00677@example.com,2024-04-17,35.48,Travel tumbler,1
ORD000562,customer00063@example.com,2024-04-17,117.4,Cold brew bottle,3
ORD001912,customer00281@example.com,2024-04-17,18.66,Single-origin beans 250g,1
ORD002441,customer00410@example.com,2024-04-18,43.86,Gift set,1
ORD000054,customer00007@example.com,2024-04-18,83.15,Single-origin beans 250g,4
ORD001643,customer00215@example.com,2024-04-18,32.42,Cold brew bottle,1
ORD002680,customer00544@example.com,2024-04-18,23.86,Single-origin beans 250g,2
ORD002837,customer00661@example.com,2024-04-19,26.81,Cold brew bottle,1
ORD002857,customer00673@example.com,2024-04-20,44.38,Travel tumbler,2
ORD001091,customer00123@example.com,2024-04-20,226.17,Pour-over kit,4
ORD000689,customer00077@example.com,2024-04-20,19.71,Ceramic mug,1
ORD001762,customer00246@example.com,2024-04-20,35.45,Espresso blend 1kg,1
ORD000510,customer00057@example.com,2024-04-20,75.58,Gift set,1
ORD000712,customer00080@example.com,2024-04-21,20.69,Single-origin beans 250g,1
ORD000410,customer00046@example.com,2024-04-21,22.07,Single-origin beans 250g,1
ORD002853,customer00670@example.com,2024-04-21,20.76,Cold brew bottle,1
ORD002730,customer00583@example.com,2024-04-21,16.16,Travel tumbler,1
ORD002522,customer00431@example.com,2024-04-21,43.75,Travel tumbler,2
ORD001197,customer00134@example.com,2024-04-21,49.14,Single-origin beans 250g,2
ORD000268,customer00031@example.com,2024-04-21,61.39,Pour-over kit,2
ORD003219,customer00725@example.com,2024-04-21,100.46,Gift set,1
ORD000535,customer00060@example.com,2024-04-21,198.37,Espresso blend 1kg,4
ORD002304,customer00373@example.com,2024-04-21,62.6,Gift set,1
ORD000672,customer00075@example.com,2024-04-21,75.26,Cold brew bottle,2
ORD000041,customer00006@example.com,2024-04-21,56.73,Ceramic mug,2
ORD001180,customer00132@example.com,2024-04-22,83.13,Pour-over kit,2
ORD003379,customer00748@example.com,2024-04-22,302.52,Pour-over kit,4
ORD001379,customer00155@example.com,2024-04-22,26.92,Ceramic mug,1
ORD001029,customer00117@example.com,2024-04-22,41.94,Pour-over kit,1
ORD001722,customer00237@example.com,2024-04-22,27.31,Cold brew bottle,1
ORD001527,customer00184@example.com,2024-04-23,68.82,Ceramic mug,3
ORD002624,customer00499@example.com,2024-04-23,16.56,Ceramic mug,1
ORD001000,customer00114@example.com,2024-04-23,42.43,Cold brew bottle,1
ORD001476,customer00172@example.com,2024-04-23,38.89,Cold brew bottle,1
ORD003049,customer00699@example.com,2024-04-23,42.82,Single-origin beans 250g,2
ORD001211,customer00135@example.com,2024-04-24,21.37,Ceramic mug,1
ORD001154,customer00130@example.com,2024-04-24,66.58,Travel tumbler,2
ORD001316,customer00147@example.com,2024-04-24,34.22,Espresso blend 1kg,1
ORD002899,customer00679@example.com,2024-04-24,35.31,Travel tumbler,1
ORD002615,customer00493@example.com,2024-04-24,34.27,Espresso blend 1kg,1
ORD000061,customer00008@example.com,2024-04-24,24.04,Ceramic mug,1
ORD001092,customer00123@example.com,2024-04-24,57.74,Espresso blend 1kg,1
ORD000756,customer00084@example.com,2024-04-24,30.96,Travel tumbler,1
ORD002968,customer00688@example.com,2024-04-25,66.01,Ceramic mug,3
ORD001578,customer00197@example.com,2024-04-26,41.48,Pour-over kit,1
ORD002490,customer00421@example.com,2024-04-26,14.84,Single-origin beans 250g,1
ORD002481,customer00419@example.com,2024-04-26,34.65,Single-origin beans 250g,2
ORD001292,customer00145@example.com,2024-04-26,56.98,Pour-over kit,1
ORD000370,customer00043@example.com,2024-04-26,42.74,Single-origin beans 250g,2
ORD002634,customer00507@example.com,2024-04-27,22.75,Cold brew bottle,1
ORD002090,customer00324@example.com,2024-04-27,56.03,Ceramic mug,4
ORD002078,customer00319@example.com,2024-04-27,73.5,Gift set,1
ORD000860,customer00097@example.com,2024-04-27,94.39,Cold brew bottle,2
ORD002249,customer00361@example.com,2024-04-27,17.18,Single-origin beans 250g,1
ORD003359,customer00745@example.com,2024-04-27,64.06,Ceramic mug,3
ORD000939,customer00107@example.com,2024-04-27,82.14,Gift set,1
ORD002722,customer00577@example.com,2024-04-27,11.25,Ceramic mug,1
ORD003033,customer00696@example.com,2024-04-27,65.97,Espresso blend 1kg,1
ORD002964,customer00687@example.com,2024-04-28,215.54,Gift set,2
ORD002012,customer00302@example.com,2024-04-28,16.08,Single-origin beans 250g,1
ORD003016,customer00694@example.com,2024-04-28,26.31,Ceramic mug,1
ORD002442,customer00410@example.com,2024-04-28,29.43,Cold brew bottle,1
ORD000701,customer00078@example.com,2024-04-28,41.78,Cold brew bottle,1
ORD001343,customer00151@example.com,2024-04-28,25.41,Ceramic mug,1
ORD000940,customer00107@example.com,2024-04-28,37.18,Cold brew bottle,1
ORD000395,customer00045@example.com,2024-04-28,49.35,Espresso blend 1kg,1
ORD000922,customer00105@example.com,2024-04-28,94.25,Gift set,1
ORD002091,customer00324@example.com,2024-04-28,56.69,Travel tumbler,2
ORD003348,customer00743@example.com,2024-04-29,72.65,Pour-over kit,1
ORD003334,customer00741@example.com,2024-04-29,61.53,Espresso blend 1kg,1
ORD000987,customer00112@example.com,2024-04-29,45.69,Espresso blend 1kg,1
ORD000702,customer00078@example.com,2024-04-29,87.02,Gift set,1
ORD002207,customer00352@example.com,2024-04-29,130.23,Gift set,2
ORD001800,customer00255@example.com,2024-04-29,45.02,Espresso blend 1kg,1
ORD000365,customer00042@example.com,2024-04-29,93.07,Gift set,1
ORD000851,customer00096@example.com,2024-04-29,50.01,Ceramic mug,2
ORD001115,customer00126@example.com,2024-04-29,49.33,Pour-over kit,1
ORD000183,customer00022@example.com,2024-04-30,43.26,Pour-over kit,1
ORD001308,customer00146@example.com,2024-04-30,28.93,Travel tumbler,1
ORD000385,customer00044@example.com,2024-04-30,22.33,Ceramic mug,1
ORD001770,customer00248@example.com,2024-04-30,17.06,Ceramic mug,1
ORD000795,customer00089@example.com,2024-04-30,128.37,Espresso blend 1kg,2
ORD000733,customer00082@example.com,2024-04-30,23.38,Ceramic mug,1
ORD000527,customer00059@example.com,2024-05-01,60.12,Espresso blend 1kg,1
ORD000892,customer00101@example.com,2024-05-01,109.72,Pour-over kit,2
ORD002498,customer00424@example.com,2024-05-01,17.54,Travel tumbler,1
ORD002062,customer00317@example.com,2024-05-01,67.98,Gift set,1
ORD002699,customer00559@example.com,2024-05-01,14.02,Ceramic mug,1
ORD001030,customer00117@example.com,2024-05-02,45.02,Cold brew bottle,1
ORD002358,customer00388@example.com,2024-05-02,45.05,Travel tumbler,2
ORD001715,customer00235@example.com,2024-05-02,23.18,Travel tumbler,1
ORD001771,customer00248@example.com,2024-05-03,49.38,Single-origin beans 250g,3
ORD001914,customer00282@example.com,2024-05-03,16.33,Travel tumbler,1
ORD001317,customer00147@example.com,2024-05-03,77.68,Cold brew bottle,2
ORD000703,customer00078@example.com,2024-05-04,89.41,Gift set,1
ORD002063,customer00317@example.com,2024-05-04,65.11,Gift set,1
ORD000810,customer00091@example.com,2024-05-04,53.86,Espresso blend 1kg,1
ORD000800,customer00090@example.com,2024-05-04,117.48,Espresso blend 1kg,2
ORD000830,customer00094@example.com,2024-05-04,62.19,Travel tumbler,2
ORD001931,customer00286@example.com,2024-05-05,71.64,Cold brew bottle,2
ORD002182,customer00346@example.com,2024-05-05,22.58,Ceramic mug,1
ORD000801,customer00090@example.com,2024-05-05,85.78,Gift set,1
ORD002208,customer00352@example.com,2024-05-05,12.25,Single-origin beans 250g,1
ORD001923,customer00285@example.com,2024-05-05,71.2,Gift set,1
ORD002378,customer00396@example.com,2024-05-05,72.35,Gift set,1
ORD000295,customer00034@example.com,2024-05-06,73.89,Ceramic mug,3
ORD001564,customer00194@example.com,2024-05-06,19.1,Ceramic mug,1
ORD001685,customer00228@example.com,2024-05-06,18.04,Single-origin beans 250g,1
ORD000161,customer00020@example.com,2024-05-06,181.01,Travel tumbler,5
ORD002596,customer00478@example.com,2024-05-06,15.24,Single-origin beans 250g,1
ORD003198,customer00722@example.com,2024-05-06,132.51,Pour-over kit,2
ORD001544,customer00188@example.com,2024-05-06,34.44,Travel tumbler,2
ORD001293,customer00145@example.com,2024-05-07,54.55,Espresso blend 1kg,1
ORD002305,customer00373@example.com,2024-05-07,53.89,Cold brew bottle,2
ORD000335,customer00038@example.com,2024-05-07,70.54,Gift set,1
ORD003380,customer00748@example.com,2024-05-07,20.96,Ceramic mug,1
ORD002567,customer00459@example.com,2024-05-07,15.46,Ceramic mug,1
ORD001042,customer00118@example.com,2024-05-07,76.91,Cold brew bottle,2
ORD001031,customer00117@example.com,2024-05-07,90.69,Gift set,1
ORD001496,customer00176@example.com,2024-05-07,25.8,Cold brew bottle,1
ORD001169,customer00131@example.com,2024-05-07,98.21,Pour-over kit,2
ORD002792,customer00627@example.com,2024-05-07,107.21,Cold brew bottle,5
ORD000536,customer00060@example.com,2024-05-08,68.7,Cold brew bottle,2
ORD003007,customer00693@example.com,2024-05-08,192.68,Travel tumbler,4
ORD002176,customer00344@example.com,2024-05-08,29.58,Cold brew bottle,1
ORD002097,customer00326@example.com,2024-05-08,53.28,Gift set,1
ORD002751,customer00597@example.com,2024-05-08,33.43,Pour-over kit,1
ORD002556,customer00452@example.com,2024-05-09,143.49,Espresso blend 1kg,5
ORD000276,customer00032@example.com,2024-05-09,27.3,Travel tumbler,1
ORD001866,customer00272@example.com,2024-05-09,16.61,Ceramic mug,1
ORD001542,customer00187@example.com,2024-05-09,39.32,Pour-over kit,1
ORD001599,customer00202@example.com,2024-05-09,65.66,Cold brew bottle,2
ORD002397,customer00400@example.com,2024-05-09,145.79,Pour-over kit,4
ORD000683,customer00076@example.com,2024-05-09,55.04,Travel tumbler,2
ORD001142,customer00129@example.com,2024-05-09,19.17,Single-origin beans 250g,1
ORD001256,customer00141@example.com,2024-05-09,109.11,Gift set,1
ORD002083,customer00322@example.com,2024-05-09,67.93,Pour-over kit,2
ORD000251,customer00030@example.com,2024-05-10,32.63,Cold brew bottle,1
ORD002827,customer00653@example.com,2024-05-10,18.17,Travel tumbler,1
ORD000941,customer00107@example.com,2024-05-10,32.39,Cold brew bottle,1
ORD002177,customer00344@example.com,2024-05-10,31.79,Ceramic mug,2
ORD000551,customer00062@example.com,2024-05-10,30.05,Travel tumbler,1
ORD001082,customer00122@example.com,2024-05-10,90.49,Gift set,1
ORD001910,customer00280@example.com,2024-05-10,27.21,Cold brew bottle,1
ORD001328,customer00148@example.com,2024-05-11,32.8,Travel tumbler,1
ORD002791,customer00626@example.com,2024-05-11,123.21,Gift set,2
ORD001001,customer00114@example.com,2024-05-11,160.96,Espresso blend 1kg,3
ORD001318,customer00147@example.com,2024-05-11,56.4,Pour-over kit,1
ORD000942,customer00107@example.com,2024-05-11,114.71,Cold brew bottle,3
ORD003126,customer00711@example.com,2024-05-11,58.6,Ceramic mug,2
ORD002178,customer00344@example.com,2024-05-11,33.28,Ceramic mug,2
ORD003152,customer00716@example.com,2024-05-12,115.74,Travel tumbler,3
ORD002171,customer00343@example.com,2024-05-12,22.98,Travel tumbler,1
ORD000552,customer00062@example.com,2024-05-12,28.16,Ceramic mug,1
ORD001371,customer00153@example.com,2024-05-12,39.0,Cold brew bottle,1
ORD000852,customer00096@example.com,2024-05-13,24.4,Ceramic mug,1
ORD002306,customer00373@example.com,2024-05-13,44.05,Pour-over kit,1
ORD002379,customer00396@example.com,2024-05-13,56.93,Gift set,1
ORD002241,customer00359@example.com,2024-05-13,73.59,Gift set,1
ORD001871,customer00273@example.com,2024-05-13,79.2,Gift set,1
ORD002278,customer00368@example.com,2024-05-14,28.78,Cold brew bottle,1
ORD001736,customer00240@example.com,2024-05-14,16.2,Ceramic mug,1
ORD002689,customer00550@example.com,2024-05-14,97.08,Gift set,2
ORD000055,customer00007@example.com,2024-05-14,32.46,Travel tumbler,1
ORD002862,customer00675@example.com,2024-05-14,38.68,Pour-over kit,1
ORD003297,customer00737@example.com,2024-05-14,29.28,Single-origin beans 250g,1
ORD002809,customer00642@example.com,2024-05-14,91.34,Cold brew bottle,4
ORD001551,customer00191@example.com,2024-05-14,228.36,Gift set,3
ORD000021,customer00003@example.com,2024-05-14,52.11,Espresso blend 1kg,1
ORD000824,customer00093@example.com,2024-05-14,18.44,Ceramic mug,1
ORD003128,customer00712@example.com,2024-05-15,562.6,Gift set,5
ORD000412,customer00047@example.com,2024-05-15,25.74,Travel tumbler,1
ORD001867,customer00272@example.com,2024-05-15,23.26,Ceramic mug,1
ORD001746,customer00242@example.com,2024-05-15,21.91,Ceramic mug,1
ORD002071,customer00318@example.com,2024-05-15,86.08,Cold brew bottle,3
ORD000583,customer00065@example.com,2024-05-15,17.35,Ceramic mug,1
ORD001650,customer00217@example.com,2024-05-15,46.65,Single-origin beans 250g,3
ORD002938,customer00684@example.com,2024-05-15,46.43,Travel tumbler,1
ORD000528,customer00059@example.com,2024-05-15,16.74,Single-origin beans 250g,1
ORD000553,customer00062@example.com,2024-05-15,22.72,Single-origin beans 250g,1
ORD001170,customer00131@example.com,2024-05-16,78.82,Gift set,1
ORD001489,customer00175@example.com,2024-05-16,49.07,Espresso blend 1kg,1
ORD000496,customer00055@example.com,2024-05-16,59.02,Travel tumbler,2
ORD000609,customer00067@example.com,2024-05-16,125.54,Cold brew bottle,3
ORD001660,customer00219@example.com,2024-05-16,15.53,Single-origin beans 250g,1
ORD002246,customer00360@example.com,2024-05-16,17.04,Single-origin beans 250g,1
ORD003449,customer00759@example.com,2024-05-17,105.12,Gift set,1
ORD003166,customer00718@example.com,2024-05-17,50.77,Espresso blend 1kg,1
ORD001801,customer00255@example.com,2024-05-17,38.94,Espresso blend 1kg,1
ORD000861,customer00097@example.com,2024-05-17,81.56,Gift set,1
ORD001105,customer00125@example.com,2024-05-17,43.14,Espresso blend 1kg,1
ORD002855,customer00672@example.com,2024-05-17,32.47,Pour-over kit,1
ORD000616,customer00068@example.com,2024-05-18,27.46,Travel tumbler,1
ORD002404,customer00401@example.com,2024-05-18,63.52,Ceramic mug,3
ORD001723,customer00237@example.com,2024-05-18,243.99,Gift set,3
ORD001333,customer00149@example.com,2024-05-18,32.42,Travel tumbler,1
ORD000610,customer00067@example.com,2024-05-18,18.6,Ceramic mug,1
ORD001116,customer00126@example.com,2024-05-18,127.35,Cold brew bottle,4
ORD001083,customer00122@example.com,2024-05-19,45.73,Pour-over kit,1
ORD001071,customer00121@example.com,2024-05-19,45.42,Ceramic mug,2
ORD002467,customer00416@example.com,2024-05-20,37.45,Espresso blend 1kg,1
ORD001143,customer00129@example.com,2024-05-20,86.34,Gift set,1
ORD002752,customer00598@example.com,2024-05-20,10.77,Single-origin beans 250g,1
ORD002060,customer00316@example.com,2024-05-20,23.26,Travel tumbler,1
ORD001452,customer00167@example.com,2024-05-20,89.42,Ceramic mug,5
ORD002221,customer00354@example.com,2024-05-20,386.57,Gift set,5
ORD000042,customer00006@example.com,2024-05-20,46.51,Single-origin beans 250g,2
ORD000544,customer00061@example.com,2024-05-21,61.66,Cold brew bottle,2
ORD001710,customer00234@example.com,2024-05-21,168.16,Gift set,2
ORD000184,customer00022@example.com,2024-05-21,22.3,Ceramic mug,1
ORD003239,customer00728@example.com,2024-05-22,94.64,Travel tumbler,2
ORD002659,customer00527@example.com,2024-05-22,14.67,Travel tumbler,1
ORD000086,customer00010@example.com,2024-05-22,233.67,Pour-over kit,4
ORD003220,customer00725@example.com,2024-05-22,41.01,Travel tumbler,1
ORD002739,customer00589@example.com,2024-05-22,13.5,Single-origin beans 250g,1
ORD002559,customer00453@example.com,2024-05-22,33.55,Espresso blend 1kg,1
ORD002279,customer00368@example.com,2024-05-22,44.11,Pour-over kit,1
ORD002546,customer00444@example.com,2024-05-22,54.93,Gift set,1
ORD000853,customer00096@example.com,2024-05-22,22.02,Single-origin beans 250g,1
ORD002795,customer00629@example.com,2024-05-22,14.43,Ceramic mug,1
ORD000162,customer00020@example.com,2024-05-23,47.9,Espresso blend 1kg,1
ORD002238,customer00358@example.com,2024-05-23,30.58,Espresso blend 1kg,1
ORD001032,customer00117@example.com,2024-05-23,99.74,Espresso blend 1kg,2
ORD000148,customer00018@example.com,2024-05-23,101.61,Single-origin beans 250g,5
ORD001212,customer00135@example.com,2024-05-23,109.33,Cold brew bottle,3
ORD000875,customer00099@example.com,2024-05-23,25.5,Ceramic mug,1
ORD001811,customer00258@example.com,2024-05-23,24.47,Travel tumbler,1
ORD000545,customer00061@example.com,2024-05-24,42.12,Espresso blend 1kg,1
ORD002845,customer00665@example.com,2024-05-24,37.47,Travel tumbler,2
ORD002734,customer00585@example.com,2024-05-24,101.16,Espresso blend 1kg,4
ORD000554,customer00062@example.com,2024-05-24,21.34,Single-origin beans 250g,1
ORD002889,customer00678@example.com,2024-05-24,48.08,Single-origin beans 250g,2
ORD002048,customer00311@example.com,2024-05-24,93.99,Espresso blend 1kg,2
ORD002544,customer00443@example.com,2024-05-24,70.04,Travel tumbler,4
ORD000174,customer00021@example.com,2024-05-25,42.27,Ceramic mug,2
ORD001389,customer00157@example.com,2024-05-25,45.44,Espresso blend 1kg,1
ORD003338,customer00742@example.com,2024-05-25,59.67,Pour-over kit,1
ORD001508,customer00180@example.com,2024-05-25,84.05,Cold brew bottle,3
ORD000661,customer00074@example.com,2024-05-25,26.54,Ceramic mug,1
ORD000627,customer00069@example.com,2024-05-26,64.73,Cold brew bottle,2
ORD002222,customer00354@example.com,2024-05-26,78.49,Gift set,1
ORD000328,customer00037@example.com,2024-05-26,135.93,Pour-over kit,3
ORD002555,customer00451@example.com,2024-05-26,28.22,Cold brew bottle,1
ORD002183,customer00346@example.com,2024-05-27,19.19,Ceramic mug,1
ORD001072,customer00121@example.com,2024-05-27,51.82,Pour-over kit,1
ORD001155,customer00130@example.com,2024-05-27,33.59,Cold brew bottle,1
ORD001043,customer00118@example.com,2024-05-27,20.43,Single-origin beans 250g,1
ORD000786,customer00087@example.com,2024-05-28,20.16,Single-origin beans 250g,1
ORD000893,customer00101@example.com,2024-05-28,16.4,Single-origin beans 250g,1
ORD001763,customer00246@example.com,2024-05-29,37.22,Travel tumbler,2
ORD002900,customer00679@example.com,2024-05-29,61.79,Pour-over kit,1
ORD000128,customer00015@example.com,2024-05-29,23.03,Ceramic mug,1
ORD000946,customer00108@example.com,2024-05-29,84.8,Gift set,1
ORD001733,customer00239@example.com,2024-05-29,17.5,Ceramic mug,1
ORD002509,customer00428@example.com,2024-05-29,19.49,Ceramic mug,1
ORD000038,customer00005@example.com,2024-05-29,38.68,Travel tumbler,1
ORD000802,customer00090@example.com,2024-05-29,88.25,Espresso blend 1kg,2
ORD002836,customer00660@example.com,2024-05-30,122.15,Pour-over kit,3
ORD002094,customer00325@example.com,2024-05-30,32.74,Pour-over kit,1
ORD002472,customer00417@example.com,2024-05-30,23.49,Travel tumbler,1
ORD003354,customer00744@example.com,2024-05-30,69.43,Pour-over kit,1
ORD000876,customer00099@example.com,2024-05-30,48.49,Espresso blend 1kg,1
ORD000163,customer00020@example.com,2024-05-30,44.35,Single-origin beans 250g,3
ORD002532,customer00434@example.com,2024-05-30,18.5,Travel tumbler,1
ORD000247,customer00029@example.com,2024-05-30,25.43,Ceramic mug,1
ORD001044,customer00118@example.com,2024-05-31,18.85,Single-origin beans 250g,1
ORD001875,customer00275@example.com,2024-05-31,19.73,Ceramic mug,1
ORD003424,customer00755@example.com,2024-05-31,211.48,Gift set,2
ORD002561,customer00454@example.com,2024-05-31,12.17,Single-origin beans 250g,1
ORD001002,customer00114@example.com,2024-05-31,22.02,Single-origin beans 250g,1
ORD000590,customer00066@example.com,2024-05-31,52.3,Espresso blend 1kg,1
ORD000757,customer00084@example.com,2024-06-01,72.88,Travel tumbler,2
ORD000076,customer00009@example.com,2024-06-01,20.56,Single-origin beans 250g,1
ORD001192,customer00133@example.com,2024-06-01,26.85,Ceramic mug,1
ORD003095,customer00706@example.com,2024-06-01,94.49,Gift set,1
ORD001218,customer00137@example.com,2024-06-01,28.56,Ceramic mug,1
ORD001181,customer00132@example.com,2024-06-01,91.32,Cold brew bottle,2
ORD002854,customer00671@example.com,2024-06-01,18.2,Travel tumbler,1
ORD000175,customer00021@example.com,2024-06-01,183.48,Gift set,2
ORD001702,customer00232@example.com,2024-06-01,28.27,Cold brew bottle,1
ORD000555,customer00062@example.com,2024-06-01,57.8,Pour-over kit,1
ORD002086,customer00323@example.com,2024-06-01,128.73,Pour-over kit,3
ORD002517,customer00430@example.com,2024-06-02,31.53,Cold brew bottle,1
ORD000371,customer00043@example.com,2024-06-02,56.52,Pour-over kit,1
ORD000141,customer00017@example.com,2024-06-02,34.14,Single-origin beans 250g,2
ORD001294,customer00145@example.com,2024-06-02,170.29,Pour-over kit,3
ORD000252,customer00030@example.com,2024-06-02,25.45,Travel tumbler,1
ORD001309,customer00146@example.com,2024-06-02,168.6,Cold brew bottle,5
ORD002135,customer00336@example.com,2024-06-02,28.11,Cold brew bottle,1
ORD002309,customer00374@example.com,2024-06-02,149.67,Pour-over kit,3
ORD000372,customer00043@example.com,2024-06-03,35.86,Cold brew bottle,1
ORD000662,customer00074@example.com,2024-06-03,48.81,Pour-over kit,1
ORD003497,customer00765@example.com,2024-06-03,77.49,Travel tumbler,2
ORD001274,customer00143@example.com,2024-06-03,25.95,Ceramic mug,1
ORD001780,customer00250@example.com,2024-06-03,29.32,Travel tumbler,1
ORD001982,customer00296@example.com,2024-06-03,31.34,Single-origin beans 250g,2
ORD000152,customer00019@example.com,2024-06-04,32.96,Cold brew bottle,1
ORD002754,customer00600@example.com,2024-06-04,25.71,Cold brew bottle,1
ORD001497,customer00176@example.com,2024-06-04,18.05,Ceramic mug,1
ORD001868,customer00272@example.com,2024-06-04,17.05,Single-origin beans 250g,1
ORD001009,customer00115@example.com,2024-06-04,80.68,Gift set,1
ORD000825,customer00093@example.com,2024-06-05,34.65,Cold brew bottle,1
ORD002380,customer00396@example.com,2024-06-05,31.07,Cold brew bottle,1
ORD003425,customer00755@example.com,2024-06-05,217.46,Gift set,2
ORD002013,customer00302@example.com,2024-06-05,24.21,Cold brew bottle,1
ORD000947,customer00108@example.com,2024-06-06,87.57,Gift set,1
ORD002649,customer00518@example.com,2024-06-06,51.27,Gift set,1
ORD002655,customer00523@example.com,2024-06-06,21.28,Cold brew bottle,1
ORD001791,customer00253@example.com,2024-06-06,47.46,Pour-over kit,1
ORD002545,customer00443@example.com,2024-06-06,34.9,Espresso blend 1kg,1
ORD002128,customer00335@example.com,2024-06-06,36.39,Espresso blend 1kg,1
ORD001615,customer00206@example.com,2024-06-06,54.43,Single-origin beans 250g,3
ORD002319,customer00378@example.com,2024-06-07,22.83,Ceramic mug,1
ORD002092,customer00324@example.com,2024-06-07,55.42,Ceramic mug,3
ORD000862,customer00097@example.com,2024-06-07,87.1,Gift set,1
ORD001045,customer00118@example.com,2024-06-07,53.96,Espresso blend 1kg,1
ORD000707,customer00079@example.com,2024-06-07,132.56,Pour-over kit,2
ORD001534,customer00186@example.com,2024-06-07,138.71,Gift set,2
ORD000854,customer00096@example.com,2024-06-07,53.97,Pour-over kit,1
ORD002740,customer00589@example.com,2024-06-07,31.18,Espresso blend 1kg,1
ORD000734,customer00082@example.com,2024-06-07,28.31,Travel tumbler,1
ORD002163,customer00342@example.com,2024-06-08,59.22,Cold brew bottle,2
ORD003366,customer00746@example.com,2024-06-08,45.28,Cold brew bottle,1
ORD002540,customer00440@example.com,2024-06-08,271.51,Gift set,5
ORD000253,customer00030@example.com,2024-06-08,50.01,Espresso blend 1kg,1
ORD001835,customer00263@example.com,2024-06-09,17.64,Ceramic mug,1
ORD002242,customer00359@example.com,2024-06-09,25.08,Travel tumbler,1
ORD000563,customer00063@example.com,2024-06-09,59.94,Espresso blend 1kg,1
ORD002247,customer00360@example.com,2024-06-09,51.74,Cold brew bottle,2
ORD001003,customer00114@example.com,2024-06-09,53.7,Espresso blend 1kg,1
ORD001741,customer00241@example.com,2024-06-09,17.74,Single-origin beans 250g,1
ORD002685,customer00548@example.com,2024-06-10,44.11,Single-origin beans 250g,3
ORD000296,customer00034@example.com,2024-06-10,71.02,Cold brew bottle,2
ORD002674,customer00538@example.com,2024-06-10,33.82,Pour-over kit,1
ORD003271,customer00732@example.com,2024-06-10,180.45,Espresso blend 1kg,3
ORD002741,customer00589@example.com,2024-06-10,47.02,Espresso blend 1kg,2
ORD001386,customer00156@example.com,2024-06-10,117.45,Espresso blend 1kg,3
ORD002594,customer00477@example.com,2024-06-10,43.66,Cold brew bottle,2
ORD000584,customer00065@example.com,2024-06-11,24.54,Ceramic mug,1
ORD001084,customer00122@example.com,2024-06-11,21.03,Single-origin beans 250g,1
ORD002232,customer00356@example.com,2024-06-11,66.16,Gift set,1
ORD002858,customer00673@example.com,2024-06-12,22.16,Travel tumbler,1
ORD001498,customer00176@example.com,2024-06-12,29.83,Travel tumbler,1
ORD000233,customer00028@example.com,2024-06-12,134.81,Espresso blend 1kg,3
ORD001812,customer00258@example.com,2024-06-12,66.47,Pour-over kit,2
ORD000831,customer00094@example.com,2024-06-12,37.92,Single-origin beans 250g,2
ORD001792,customer00253@example.com,2024-06-13,42.12,Pour-over kit,1
ORD002969,customer00688@example.com,2024-06-13,64.0,Espresso blend 1kg,1
ORD000968,customer00111@example.com,2024-06-13,21.39,Single-origin beans 250g,1
ORD001975,customer00295@example.com,2024-06-13,40.32,Pour-over kit,1
ORD000636,customer00071@example.com,2024-06-13,33.56,Travel tumbler,1
ORD002259,customer00363@example.com,2024-06-13,52.23,Single-origin beans 250g,3
ORD000969,customer00111@example.com,2024-06-13,48.05,Espresso blend 1kg,1
ORD001004,customer00114@example.com,2024-06-13,37.99,Cold brew bottle,1
ORD002781,customer00620@example.com,2024-06-13,21.11,Travel tumbler,1
ORD001226,customer00138@example.com,2024-06-13,227.64,Pour-over kit,4
ORD002810,customer00643@example.com,2024-06-14,59.7,Espresso blend 1kg,2
ORD000087,customer00010@example.com,2024-06-14,96.44,Gift set,1
ORD003008,customer00693@example.com,2024-06-14,68.37,Single-origin beans 250g,3
ORD002102,customer00328@example.com,2024-06-14,35.44,Pour-over kit,1
ORD002639,customer00510@example.com,2024-06-14,88.76,Gift set,2
ORD001295,customer00145@example.com,2024-06-14,103.67,Gift set,1
ORD000413,customer00047@example.com,2024-06-14,65.78,Pour-over kit,1
ORD002676,customer00540@example.com,2024-06-14,59.5,Gift set,1
ORD000556,customer00062@example.com,2024-06-14,33.95,Cold brew bottle,1
ORD000863,customer00097@example.com,2024-06-15,25.98,Single-origin beans 250g,1
ORD002711,customer00570@example.com,2024-06-15,78.25,Ceramic mug,5
ORD000305,customer00035@example.com,2024-06-15,91.85,Espresso blend 1kg,2
ORD001182,customer00132@example.com,2024-06-15,30.24,Travel tumbler,1
ORD000164,customer00020@example.com,2024-06-15,120.4,Travel tumbler,4
ORD000149,customer00018@example.com,2024-06-16,29.54,Travel tumbler,1
ORD001073,customer00121@example.com,2024-06-16,167.73,Gift set,2
ORD000092,customer00011@example.com,2024-06-16,116.72,Espresso blend 1kg,2
ORD002288,customer00370@example.com,2024-06-16,55.22,Gift set,1
ORD002664,customer00532@example.com,2024-06-16,14.5,Ceramic mug,1
ORD001552,customer00191@example.com,2024-06-16,57.3,Gift set,1
ORD000628,customer00069@example.com,2024-06-17,31.05,Travel tumbler,1
ORD000165,customer00020@example.com,2024-06-17,160.9,Espresso blend 1kg,3
ORD002718,customer00574@example.com,2024-06-17,44.14,Cold brew bottle,2
ORD000564,customer00063@example.com,2024-06-17,54.53,Pour-over kit,1
ORD000585,customer00065@example.com,2024-06-17,47.04,Pour-over kit,1
ORD001390,customer00157@example.com,2024-06-17,43.65,Pour-over kit,1
ORD001772,customer00248@example.com,2024-06-17,48.95,Single-origin beans 250g,3
ORD001627,customer00211@example.com,2024-06-17,29.38,Cold brew bottle,1
ORD001010,customer00115@example.com,2024-06-17,44.4,Ceramic mug,2
ORD000497,customer00055@example.com,2024-06-18,142.73,Gift set,2
ORD000027,customer00004@example.com,2024-06-18,45.28,Single-origin beans 250g,2
ORD000557,customer00062@example.com,2024-06-18,30.26,Travel tumbler,1
ORD000735,customer00082@example.com,2024-06-18,42.96,Ceramic mug,2
ORD001128,customer00128@example.com,2024-06-18,27.59,Travel tumbler,1
ORD001558,customer00193@example.com,2024-06-18,60.4,Ceramic mug,3
ORD002184,customer00346@example.com,2024-06-19,54.88,Single-origin beans 250g,4
ORD001734,customer00239@example.com,2024-06-19,52.92,Travel tumbler,2
ORD002512,customer00429@example.com,2024-06-19,42.49,Pour-over kit,1
ORD000894,customer00101@example.com,2024-06-19,55.76,Pour-over kit,1
ORD000396,customer00045@example.com,2024-06-20,19.75,Single-origin beans 250g,1
ORD000511,customer00057@example.com,2024-06-20,25.82,Ceramic mug,1
ORD001156,customer00130@example.com,2024-06-20,21.13,Ceramic mug,1
ORD001579,customer00197@example.com,2024-06-20,33.82,Single-origin beans 250g,2
ORD001353,customer00152@example.com,2024-06-20,168.65,Gift set,2
ORD000617,customer00068@example.com,2024-06-21,37.16,Cold brew bottle,1
ORD000591,customer00066@example.com,2024-06-21,85.14,Gift set,1
ORD001213,customer00135@example.com,2024-06-21,72.39,Ceramic mug,3
ORD000618,customer00068@example.com,2024-06-21,48.33,Espresso blend 1kg,1
ORD002562,customer00455@example.com,2024-06-21,65.6,Travel tumbler,4
ORD000895,customer00101@example.com,2024-06-21,21.75,Single-origin beans 250g,1
ORD002690,customer00551@example.com,2024-06-21,117.37,Pour-over kit,3
ORD000062,customer00008@example.com,2024-06-21,114.68,Ceramic mug,4
ORD002055,customer00314@example.com,2024-06-21,22.38,Travel tumbler,1
ORD002359,customer00388@example.com,2024-06-22,37.77,Single-origin beans 250g,2
ORD001813,customer00258@example.com,2024-06-22,15.91,Single-origin beans 250g,1
ORD000803,customer00090@example.com,2024-06-22,22.38,Single-origin beans 250g,1
ORD001666,customer00221@example.com,2024-06-23,34.52,Pour-over kit,1
ORD000864,customer00097@example.com,2024-06-23,40.15,Cold brew bottle,1
ORD002602,customer00484@example.com,2024-06-24,21.7,Cold brew bottle,1
ORD002484,customer00420@example.com,2024-06-24,27.89,Travel tumbler,1
ORD001245,customer00140@example.com,2024-06-24,76.1,Cold brew bottle,2
ORD002461,customer00415@example.com,2024-06-24,34.86,Pour-over kit,1
ORD001344,customer00151@example.com,2024-06-24,26.31,Travel tumbler,1
ORD000855,customer00096@example.com,2024-06-25,72.17,Cold brew bottle,2
ORD000722,customer00081@example.com,2024-06-25,27.59,Travel tumbler,1
ORD000028,customer00004@example.com,2024-06-25,30.43,Travel tumbler,1
ORD001647,customer00216@example.com,2024-06-26,28.08,Cold brew bottle,1
ORD002164,customer00342@example.com,2024-06-26,41.81,Pour-over kit,1
ORD001345,customer00151@example.com,2024-06-26,36.54,Cold brew bottle,1
ORD000063,customer00008@example.com,2024-06-27,143.09,Espresso blend 1kg,3
ORD000970,customer00111@example.com,2024-06-27,21.05,Single-origin beans 250g,1
ORD002179,customer00344@example.com,2024-06-27,30.18,Cold brew bottle,1
ORD000911,customer00104@example.com,2024-06-27,31.37,Cold brew bottle,1
ORD002405,customer00401@example.com,2024-06-28,23.85,Cold brew bottle,1
ORD001329,customer00148@example.com,2024-06-28,123.74,Cold brew bottle,3
ORD002443,customer00410@example.com,2024-06-28,57.71,Travel tumbler,2
ORD000115,customer00014@example.com,2024-06-28,35.57,Espresso blend 1kg,1
ORD000537,customer00060@example.com,2024-06-28,56.56,Single-origin beans 250g,3
ORD001397,customer00158@example.com,2024-06-28,44.5,Ceramic mug,2
ORD002150,customer00339@example.com,2024-06-28,82.67,Travel tumbler,4
ORD002151,customer00339@example.com,2024-06-28,36.3,Single-origin beans 250g,2
ORD001483,customer00173@example.com,2024-06-29,14.55,Single-origin beans 250g,1
ORD002723,customer00578@example.com,2024-06-29,32.8,Pour-over kit,1
ORD000414,customer00047@example.com,2024-06-29,52.74,Espresso blend 1kg,1
ORD000637,customer00071@example.com,2024-06-29,31.67,Travel tumbler,1
ORD001198,customer00134@example.com,2024-06-29,51.13,Espresso blend 1kg,1
ORD002764,customer00608@example.com,2024-06-29,39.71,Travel tumbler,2
ORD002702,customer00561@example.com,2024-06-29,57.69,Single-origin beans 250g,5
ORD002482,customer00419@example.com,2024-06-29,71.6,Espresso blend 1kg,2
ORD001296,customer00145@example.com,2024-06-30,20.91,Single-origin beans 250g,1
ORD000771,customer00086@example.com,2024-06-30,49.0,Ceramic mug,2
ORD002272,customer00367@example.com,2024-06-30,64.27,Ceramic mug,3
ORD000943,customer00107@example.com,2024-06-30,37.58,Single-origin beans 250g,2
ORD000988,customer00112@example.com,2024-07-01,284.69,Pour-over kit,5
ORD001117,customer00126@example.com,2024-07-01,47.82,Pour-over kit,1
ORD000064,customer00008@example.com,2024-07-01,50.73,Pour-over kit,1
ORD001099,customer00124@example.com,2024-07-01,40.36,Travel tumbler,1
ORD002675,customer00539@example.com,2024-07-01,57.83,Gift set,1
ORD002564,customer00456@example.com,2024-07-01,19.48,Travel tumbler,1
ORD002307,customer00373@example.com,2024-07-02,40.92,Pour-over kit,1
ORD002341,customer00384@example.com,2024-07-02,47.08,Pour-over kit,1
ORD000741,customer00083@example.com,2024-07-02,140.55,Pour-over kit,2
ORD001214,customer00135@example.com,2024-07-02,32.46,Travel tumbler,1
ORD001193,customer00133@example.com,2024-07-03,31.97,Travel tumbler,1
ORD000832,customer00094@example.com,2024-07-03,16.81,Single-origin beans 250g,1
ORD001100,customer00124@example.com,2024-07-03,20.46,Ceramic mug,1
ORD000197,customer00023@example.com,2024-07-03,131.16,Cold brew bottle,4
ORD002398,customer00400@example.com,2024-07-03,60.53,Gift set,1
ORD000948,customer00108@example.com,2024-07-03,45.37,Ceramic mug,2
ORD001889,customer00277@example.com,2024-07-03,49.79,Pour-over kit,1
ORD001106,customer00125@example.com,2024-07-04,65.03,Single-origin beans 250g,3
ORD001818,customer00260@example.com,2024-07-04,76.3,Gift set,1
ORD001528,customer00184@example.com,2024-07-04,29.06,Cold brew bottle,1
ORD000629,customer00069@example.com,2024-07-04,150.7,Gift set,2
ORD001976,customer00295@example.com,2024-07-04,67.63,Gift set,1
ORD002413,customer00403@example.com,2024-07-04,28.74,Cold brew bottle,1
ORD000645,customer00072@example.com,2024-07-04,19.58,Single-origin beans 250g,1
ORD000736,customer00082@example.com,2024-07-04,129.35,Pour-over kit,2
ORD001346,customer00151@example.com,2024-07-05,53.69,Ceramic mug,2
ORD000043,customer00006@example.com,2024-07-05,80.29,Travel tumbler,3
ORD002523,customer00431@example.com,2024-07-05,40.57,Pour-over kit,1
ORD000415,customer00047@example.com,2024-07-05,64.87,Single-origin beans 250g,3
ORD000737,customer00082@example.com,2024-07-05,50.98,Pour-over kit,1
ORD001977,customer00295@example.com,2024-07-05,35.99,Single-origin beans 250g,2
ORD001890,customer00277@example.com,2024-07-06,36.23,Espresso blend 1kg,1
ORD002629,customer00502@example.com,2024-07-06,11.97,Ceramic mug,1
ORD002365,customer00390@example.com,2024-07-06,72.68,Gift set,1
ORD001118,customer00126@example.com,2024-07-06,86.72,Gift set,1
ORD000772,customer00086@example.com,2024-07-06,39.8,Espresso blend 1kg,1
ORD000651,customer00073@example.com,2024-07-06,128.46,Cold brew bottle,3
ORD001674,customer00224@example.com,2024-07-07,66.38,Gift set,1
ORD001459,customer00168@example.com,2024-07-07,94.16,Ceramic mug,5
ORD000099,customer00012@example.com,2024-07-07,27.97,Travel tumbler,1
ORD001797,customer00254@example.com,2024-07-07,40.92,Espresso blend 1kg,1
ORD002328,customer00379@example.com,2024-07-07,59.66,Ceramic mug,3
ORD001686,customer00228@example.com,2024-07-07,71.17,Travel tumbler,3
ORD001310,customer00146@example.com,2024-07-08,70.04,Ceramic mug,3
ORD002399,customer00400@example.com,2024-07-08,23.47,Travel tumbler,1
ORD000538,customer00060@example.com,2024-07-08,38.81,Cold brew bottle,1
ORD001453,customer00167@example.com,2024-07-08,50.15,Pour-over kit,1
ORD001074,customer00121@example.com,2024-07-08,24.69,Single-origin beans 250g,1
ORD001978,customer00295@example.com,2024-07-08,53.04,Single-origin beans 250g,3
ORD002798,customer00632@example.com,2024-07-08,12.85,Ceramic mug,1
ORD000044,customer00006@example.com,2024-07-08,18.99,Single-origin beans 250g,1
ORD001477,customer00172@example.com,2024-07-08,29.09,Cold brew bottle,1
ORD000565,customer00063@example.com,2024-07-09,344.46,Gift set,4
ORD001548,customer00190@example.com,2024-07-09,21.28,Travel tumbler,1
ORD001085,customer00122@example.com,2024-07-09,31.38,Cold brew bottle,1
ORD000708,customer00079@example.com,2024-07-09,33.23,Travel tumbler,1
ORD001883,customer00276@example.com,2024-07-09,25.72,Travel tumbler,1
ORD000956,customer00109@example.com,2024-07-09,77.15,Ceramic mug,3
ORD000397,customer00045@example.com,2024-07-09,88.65,Pour-over kit,2
ORD002344,customer00385@example.com,2024-07-09,113.26,Espresso blend 1kg,3
ORD000215,customer00026@example.com,2024-07-09,54.43,Ceramic mug,2
ORD000329,customer00037@example.com,2024-07-09,22.38,Ceramic mug,1
ORD000971,customer00111@example.com,2024-07-10,41.6,Espresso blend 1kg,1
ORD000483,customer00054@example.com,2024-07-10,43.83,Ceramic mug,2
ORD000592,customer00066@example.com,2024-07-10,56.01,Pour-over kit,1
ORD001478,customer00172@example.com,2024-07-10,75.11,Espresso blend 1kg,2
ORD000972,customer00111@example.com,2024-07-10,33.04,Travel tumbler,1
ORD001852,customer00268@example.com,2024-07-10,17.46,Ceramic mug,1
ORD000254,customer00030@example.com,2024-07-10,55.72,Ceramic mug,2
ORD001398,customer00158@example.com,2024-07-10,189.71,Espresso blend 1kg,4
ORD002320,customer00378@example.com,2024-07-10,299.79,Gift set,4
ORD001730,customer00238@example.com,2024-07-10,25.42,Cold brew bottle,1
ORD001287,customer00144@example.com,2024-07-10,21.25,Single-origin beans 250g,1
ORD001391,customer00157@example.com,2024-07-10,32.23,Cold brew bottle,1
ORD001399,customer00158@example.com,2024-07-11,20.36,Single-origin beans 250g,1
ORD000176,customer00021@example.com,2024-07-11,19.27,Single-origin beans 250g,1
ORD002129,customer00335@example.com,2024-07-11,13.44,Single-origin beans 250g,1
ORD002775,customer00617@example.com,2024-07-11,113.92,Gift set,2
ORD001246,customer00140@example.com,2024-07-11,22.92,Single-origin beans 250g,1
ORD001444,customer00164@example.com,2024-07-11,28.27,Travel tumbler,1
ORD001257,customer00141@example.com,2024-07-11,64.63,Single-origin beans 250g,3
ORD002435,customer00408@example.com,2024-07-11,40.26,Pour-over kit,1
ORD001227,customer00138@example.com,2024-07-12,80.75,Gift set,1
ORD000142,customer00017@example.com,2024-07-12,93.58,Gift set,1
ORD001157,customer00130@example.com,2024-07-12,23.61,Single-origin beans 250g,1
ORD000816,customer00092@example.com,2024-07-12,17.29,Single-origin beans 250g,1
ORD002584,customer00470@example.com,2024-07-13,22.22,Cold brew bottle,1
ORD000153,customer00019@example.com,2024-07-13,49.19,Pour-over kit,1
ORD000216,customer00026@example.com,2024-07-13,72.51,Single-origin beans 250g,3
ORD001509,customer00180@example.com,2024-07-13,69.76,Single-origin beans 250g,4
ORD002660,customer00528@example.com,2024-07-14,21.4,Travel tumbler,1
ORD001802,customer00255@example.com,2024-07-14,95.02,Pour-over kit,2
ORD001944,customer00288@example.com,2024-07-14,129.36,Gift set,2
ORD002677,customer00541@example.com,2024-07-14,46.16,Travel tumbler,2
ORD002773,customer00615@example.com,2024-07-14,20.6,Cold brew bottle,1
ORD000129,customer00015@example.com,2024-07-14,38.5,Travel tumbler,1
ORD000833,customer00094@example.com,2024-07-14,95.49,Single-origin beans 250g,5
ORD002273,customer00367@example.com,2024-07-15,70.51,Gift set,1
ORD002037,customer00308@example.com,2024-07-15,196.15,Gift set,3
ORD002334,customer00381@example.com,2024-07-15,41.52,Pour-over kit,1
ORD001687,customer00228@example.com,2024-07-15,31.44,Single-origin beans 250g,2
ORD001400,customer00158@example.com,2024-07-15,61.08,Pour-over kit,1
ORD001737,customer00240@example.com,2024-07-15,31.26,Single-origin beans 250g,2
ORD002731,customer00584@example.com,2024-07-15,12.62,Single-origin beans 250g,1
ORD000198,customer00023@example.com,2024-07-15,60.97,Gift set,1
ORD000973,customer00111@example.com,2024-07-16,211.76,Cold brew bottle,5
ORD001803,customer00255@example.com,2024-07-16,98.31,Cold brew bottle,3
ORD000108,customer00013@example.com,2024-07-16,52.51,Espresso blend 1kg,1
ORD002709,customer00568@example.com,2024-07-17,36.01,Cold brew bottle,2
ORD001050,customer00119@example.com,2024-07-17,66.92,Cold brew bottle,2
ORD001781,customer00250@example.com,2024-07-17,24.1,Travel tumbler,1
ORD002009,customer00301@example.com,2024-07-17,78.25,Pour-over kit,2
ORD000663,customer00074@example.com,2024-07-17,81.24,Travel tumbler,3
ORD002087,customer00323@example.com,2024-07-18,22.35,Travel tumbler,1
ORD000877,customer00099@example.com,2024-07-18,71.84,Gift set,1
ORD000673,customer00075@example.com,2024-07-18,41.94,Ceramic mug,2
ORD000646,customer00072@example.com,2024-07-18,41.71,Single-origin beans 250g,3
ORD002646,customer00516@example.com,2024-07-18,52.42,Single-origin beans 250g,4
ORD001432,customer00162@example.com,2024-07-18,77.06,Gift set,1
ORD001924,customer00285@example.com,2024-07-18,15.57,Single-origin beans 250g,1
ORD001891,customer00277@example.com,2024-07-18,97.93,Pour-over kit,2
ORD000586,customer00065@example.com,2024-07-18,81.73,Cold brew bottle,2
ORD001490,customer00175@example.com,2024-07-19,18.81,Single-origin beans 250g,1
ORD001559,customer00193@example.com,2024-07-19,36.93,Pour-over kit,1
ORD002736,customer00587@example.com,2024-07-19,58.96,Espresso blend 1kg,2
ORD000484,customer00054@example.com,2024-07-19,99.24,Espresso blend 1kg,2
ORD001219,customer00137@example.com,2024-07-19,27.69,Ceramic mug,1
ORD002548,customer00446@example.com,2024-07-19,36.06,Single-origin beans 250g,3
ORD002406,customer00401@example.com,2024-07-20,38.63,Espresso blend 1kg,1
ORD002592,customer00475@example.com,2024-07-20,51.59,Cold brew bottle,3
ORD001347,customer00151@example.com,2024-07-20,21.58,Single-origin beans 250g,1
ORD000498,customer00055@example.com,2024-07-20,23.59,Single-origin beans 250g,1
ORD002281,customer00369@example.com,2024-07-20,28.55,Cold brew bottle,1
ORD000386,customer00044@example.com,2024-07-20,47.22,Pour-over kit,1
ORD000523,customer00058@example.com,2024-07-20,41.12,Espresso blend 1kg,1
ORD002601,customer00483@example.com,2024-07-20,61.7,Pour-over kit,2
ORD001758,customer00245@example.com,2024-07-20,45.5,Espresso blend 1kg,1
ORD000674,customer00075@example.com,2024-07-20,21.53,Single-origin beans 250g,1
ORD000346,customer00040@example.com,2024-07-20,44.7,Espresso blend 1kg,1
ORD002700,customer00559@example.com,2024-07-21,15.85,Ceramic mug,1
ORD001773,customer00248@example.com,2024-07-21,33.01,Pour-over kit,1
ORD000486,customer00054@example.com,2024-07-21,30.1,Cold brew bottle,1
ORD000485,customer00054@example.com,2024-07-21,163.19,Pour-over kit,3
ORD000738,customer00082@example.com,2024-07-21,36.27,Travel tumbler,1
ORD000306,customer00035@example.com,2024-07-22,254.22,Espresso blend 1kg,5
ORD000205,customer00025@example.com,2024-07-22,48.29,Espresso blend 1kg,1
ORD002453,customer00413@example.com,2024-07-22,13.82,Single-origin beans 250g,1
ORD001033,customer00117@example.com,2024-07-23,38.85,Cold brew bottle,1
ORD001264,customer00142@example.com,2024-07-23,59.8,Cold brew bottle,2
ORD001220,customer00137@example.com,2024-07-23,22.24,Single-origin beans 250g,1
ORD000773,customer00086@example.com,2024-07-23,35.24,Travel tumbler,1
ORD002014,customer00302@example.com,2024-07-23,61.76,Gift set,1
ORD000185,customer00022@example.com,2024-07-23,53.46,Pour-over kit,1
ORD001460,customer00168@example.com,2024-07-24,28.77,Cold brew bottle,1
ORD002282,customer00369@example.com,2024-07-24,284.7,Gift set,5
ORD000949,customer00108@example.com,2024-07-24,139.04,Gift set,2
ORD000690,customer00077@example.com,2024-07-24,31.21,Cold brew bottle,1
ORD000488,customer00054@example.com,2024-07-24,20.33,Single-origin beans 250g,1
ORD000487,customer00054@example.com,2024-07-24,23.08,Single-origin beans 250g,1
ORD001596,customer00201@example.com,2024-07-24,40.09,Pour-over kit,1
ORD002414,customer00403@example.com,2024-07-24,26.0,Travel tumbler,1
ORD000297,customer00034@example.com,2024-07-24,53.81,Single-origin beans 250g,2
ORD002233,customer00356@example.com,2024-07-24,233.49,Gift set,4
ORD001597,customer00201@example.com,2024-07-25,42.28,Travel tumbler,2
ORD002283,customer00369@example.com,2024-07-25,25.06,Travel tumbler,1
ORD002444,customer00410@example.com,2024-07-25,249.09,Gift set,4
ORD001742,customer00241@example.com,2024-07-25,89.54,Espresso blend 1kg,2
ORD000116,customer00014@example.com,2024-07-25,92.1,Gift set,1
ORD002849,customer00668@example.com,2024-07-25,40.15,Travel tumbler,2
ORD001553,customer00191@example.com,2024-07-25,40.92,Espresso blend 1kg,1
ORD002072,customer00318@example.com,2024-07-25,80.49,Espresso blend 1kg,2
ORD002597,customer00479@example.com,2024-07-26,22.45,Single-origin beans 250g,2
ORD002385,customer00397@example.com,2024-07-26,57.64,Travel tumbler,2
ORD002436,customer00408@example.com,2024-07-26,49.15,Pour-over kit,1
ORD000431,customer00048@example.com,2024-07-26,62.85,Gift set,1
ORD000804,customer00090@example.com,2024-07-26,115.52,Gift set,1
ORD001777,customer00249@example.com,2024-07-26,81.63,Pour-over kit,2
ORD001622,customer00209@example.com,2024-07-26,22.27,Travel tumbler,1
ORD000713,customer00080@example.com,2024-07-26,52.56,Pour-over kit,1
ORD000774,customer00086@example.com,2024-07-26,22.39,Single-origin beans 250g,1
ORD000308,customer00036@example.com,2024-07-27,22.1,Single-origin beans 250g,1
ORD000714,customer00080@example.com,2024-07-27,57.64,Cold brew bottle,2
ORD001819,customer00260@example.com,2024-07-27,70.91,Gift set,1
ORD000839,customer00095@example.com,2024-07-27,22.04,Ceramic mug,1
ORD000664,customer00074@example.com,2024-07-27,35.9,Cold brew bottle,1
ORD001183,customer00132@example.com,2024-07-27,54.66,Espresso blend 1kg,1
ORD000336,customer00038@example.com,2024-07-27,170.98,Pour-over kit,3
ORD001949,customer00290@example.com,2024-07-27,16.77,Single-origin beans 250g,1
ORD001412,customer00160@example.com,2024-07-27,26.47,Ceramic mug,1
ORD001380,customer00155@example.com,2024-07-27,51.68,Pour-over kit,1
ORD001433,customer00162@example.com,2024-07-27,67.9,Pour-over kit,1
ORD001275,customer00143@example.com,2024-07-27,37.92,Travel tumbler,1
ORD002415,customer00403@example.com,2024-07-28,31.9,Single-origin beans 250g,2
ORD001853,customer00268@example.com,2024-07-28,14.74,Single-origin beans 250g,1
ORD001738,customer00240@example.com,2024-07-28,14.48,Ceramic mug,1
ORD000775,customer00086@example.com,2024-07-28,34.01,Travel tumbler,1
ORD000665,customer00074@example.com,2024-07-28,34.85,Cold brew bottle,1
ORD002189,customer00348@example.com,2024-07-29,65.1,Gift set,1
ORD000558,customer00062@example.com,2024-07-29,81.56,Gift set,1
ORD002125,customer00334@example.com,2024-07-29,17.64,Ceramic mug,1
ORD002719,customer00574@example.com,2024-07-29,34.7,Pour-over kit,1
ORD000489,customer00054@example.com,2024-07-29,63.23,Travel tumbler,2
ORD002817,customer00647@example.com,2024-07-29,26.94,Single-origin beans 250g,2
ORD001560,customer00193@example.com,2024-07-29,15.7,Single-origin beans 250g,1
ORD001820,customer00260@example.com,2024-07-29,31.27,Cold brew bottle,1
ORD000199,customer00023@example.com,2024-07-30,48.6,Pour-over kit,1
ORD001661,customer00219@example.com,2024-07-30,21.2,Single-origin beans 250g,1
ORD002563,customer00455@example.com,2024-07-30,44.82,Gift set,1
ORD002805,customer00638@example.com,2024-07-30,33.07,Pour-over kit,1
ORD002651,customer00520@example.com,2024-07-30,17.74,Travel tumbler,1
ORD000834,customer00094@example.com,2024-07-31,168.34,Gift set,2
ORD000742,customer00083@example.com,2024-07-31,28.11,Cold brew bottle,1
ORD001086,customer00122@example.com,2024-07-31,140.94,Espresso blend 1kg,3
ORD000029,customer00004@example.com,2024-07-31,29.93,Travel tumbler,1
ORD002329,customer00379@example.com,2024-07-31,32.91,Single-origin beans 250g,2
ORD000490,customer00054@example.com,2024-07-31,27.55,Ceramic mug,1
ORD001892,customer00277@example.com,2024-07-31,44.36,Single-origin beans 250g,3
ORD002268,customer00365@example.com,2024-07-31,84.94,Espresso blend 1kg,2
ORD002098,customer00326@example.com,2024-08-01,16.72,Single-origin beans 250g,1
ORD000093,customer00011@example.com,2024-08-01,90.51,Espresso blend 1kg,2
ORD000143,customer00017@example.com,2024-08-01,51.15,Travel tumbler,2
ORD002330,customer00379@example.com,2024-08-01,70.81,Espresso blend 1kg,2
ORD001129,customer00128@example.com,2024-08-01,100.73,Ceramic mug,4
ORD002608,customer00489@example.com,2024-08-01,68.26,Pour-over kit,2
ORD002786,customer00624@example.com,2024-08-01,14.38,Ceramic mug,1
ORD001144,customer00129@example.com,2024-08-01,28.11,Travel tumbler,1
ORD000524,customer00058@example.com,2024-08-01,42.97,Espresso blend 1kg,1
ORD001413,customer00160@example.com,2024-08-01,27.29,Travel tumbler,1
ORD002694,customer00554@example.com,2024-08-01,31.23,Pour-over kit,1
ORD000088,customer00010@example.com,2024-08-02,59.74,Espresso blend 1kg,1
ORD001354,customer00152@example.com,2024-08-02,74.33,Cold brew bottle,2
ORD002667,customer00535@example.com,2024-08-02,21.13,Travel tumbler,1
ORD001688,customer00228@example.com,2024-08-02,109.15,Gift set,2
ORD001768,customer00247@example.com,2024-08-02,38.36,Espresso blend 1kg,1
ORD000715,customer00080@example.com,2024-08-02,33.22,Single-origin beans 250g,2
ORD001925,customer00285@example.com,2024-08-02,23.64,Travel tumbler,1
ORD001806,customer00256@example.com,2024-08-03,24.91,Travel tumbler,1
ORD002289,customer00370@example.com,2024-08-03,74.89,Pour-over kit,2
ORD000144,customer00017@example.com,2024-08-03,21.87,Ceramic mug,1
ORD002043,customer00310@example.com,2024-08-03,74.45,Espresso blend 1kg,2
ORD002255,customer00362@example.com,2024-08-03,44.33,Travel tumbler,2
ORD000499,customer00055@example.com,2024-08-03,58.85,Ceramic mug,3
ORD001671,customer00223@example.com,2024-08-03,45.64,Travel tumbler,2
ORD000416,customer00047@example.com,2024-08-03,98.59,Pour-over kit,2
ORD000675,customer00075@example.com,2024-08-04,14.88,Single-origin beans 250g,1
ORD000039,customer00005@example.com,2024-08-04,21.83,Single-origin beans 250g,1
ORD000566,customer00063@example.com,2024-08-04,33.52,Cold brew bottle,1
ORD002513,customer00429@example.com,2024-08-04,41.89,Espresso blend 1kg,1
ORD000217,customer00026@example.com,2024-08-04,23.97,Ceramic mug,1
ORD001743,customer00241@example.com,2024-08-04,48.12,Travel tumbler,2
ORD002130,customer00335@example.com,2024-08-05,59.06,Cold brew bottle,2
ORD000373,customer00043@example.com,2024-08-05,24.17,Travel tumbler,1
ORD000056,customer00007@example.com,2024-08-05,49.94,Espresso blend 1kg,1
ORD002294,customer00372@example.com,2024-08-05,85.54,Cold brew bottle,3
ORD000500,customer00055@example.com,2024-08-05,20.25,Ceramic mug,1
ORD001199,customer00134@example.com,2024-08-05,233.16,Espresso blend 1kg,5
ORD001535,customer00186@example.com,2024-08-05,13.96,Single-origin beans 250g,1
ORD002010,customer00301@example.com,2024-08-05,15.81,Ceramic mug,1
ORD002099,customer00326@example.com,2024-08-05,25.37,Travel tumbler,1
ORD000366,customer00042@example.com,2024-08-05,76.6,Single-origin beans 250g,4
ORD002111,customer00330@example.com,2024-08-06,40.07,Espresso blend 1kg,1
ORD001392,customer00157@example.com,2024-08-06,46.31,Espresso blend 1kg,1
ORD002190,customer00348@example.com,2024-08-06,60.66,Ceramic mug,3
ORD000835,customer00094@example.com,2024-08-06,49.08,Espresso blend 1kg,1
ORD001348,customer00151@example.com,2024-08-06,206.14,Gift set,3
ORD000567,customer00063@example.com,2024-08-07,32.98,Travel tumbler,1
ORD001355,customer00152@example.com,2024-08-07,38.24,Travel tumbler,1
ORD001434,customer00162@example.com,2024-08-07,98.99,Travel tumbler,3
ORD000360,customer00041@example.com,2024-08-07,36.5,Cold brew bottle,1
ORD001983,customer00296@example.com,2024-08-07,64.33,Cold brew bottle,2
ORD002618,customer00496@example.com,2024-08-07,28.37,Pour-over kit,1
ORD001200,customer00134@example.com,2024-08-07,28.69,Travel tumbler,1
ORD000491,customer00054@example.com,2024-08-08,78.87,Travel tumbler,3
ORD000361,customer00041@example.com,2024-08-08,100.93,Gift set,1
ORD001986,customer00297@example.com,2024-08-08,38.85,Espresso blend 1kg,1
ORD000206,customer00025@example.com,2024-08-08,63.58,Single-origin beans 250g,3
ORD001950,customer00290@example.com,2024-08-08,34.84,Single-origin beans 250g,2
ORD000022,customer00003@example.com,2024-08-08,47.25,Espresso blend 1kg,1
ORD001499,customer00176@example.com,2024-08-08,40.4,Espresso blend 1kg,1
ORD000512,customer00057@example.com,2024-08-08,162.87,Cold brew bottle,5
ORD002274,customer00367@example.com,2024-08-09,214.56,Espresso blend 1kg,5
ORD000709,customer00079@example.com,2024-08-09,28.54,Cold brew bottle,1
ORD002746,customer00592@example.com,2024-08-09,15.12,Single-origin beans 250g,1
ORD000255,customer00030@example.com,2024-08-09,246.45,Espresso blend 1kg,4
ORD000417,customer00047@example.com,2024-08-09,41.26,Espresso blend 1kg,1
ORD001130,customer00128@example.com,2024-08-09,63.87,Single-origin beans 250g,3
ORD000974,customer00111@example.com,2024-08-09,82.17,Ceramic mug,3
ORD001951,customer00290@example.com,2024-08-10,20.51,Travel tumbler,1
ORD002524,customer00431@example.com,2024-08-10,40.01,Pour-over kit,1
ORD002345,customer00385@example.com,2024-08-10,42.23,Pour-over kit,1
ORD000593,customer00066@example.com,2024-08-10,52.69,Espresso blend 1kg,1
ORD000743,customer00083@example.com,2024-08-10,133.5,Espresso blend 1kg,3
ORD001215,customer00135@example.com,2024-08-10,102.67,Espresso blend 1kg,2
ORD001247,customer00140@example.com,2024-08-10,54.25,Espresso blend 1kg,1
ORD000309,customer00036@example.com,2024-08-11,59.19,Pour-over kit,1
ORD002721,customer00576@example.com,2024-08-11,27.37,Single-origin beans 250g,2
ORD000912,customer00104@example.com,2024-08-11,18.67,Single-origin beans 250g,1
ORD000691,customer00077@example.com,2024-08-11,18.87,Single-origin beans 250g,1
ORD000418,customer00047@example.com,2024-08-11,37.18,Cold brew bottle,1
ORD001119,customer00126@example.com,2024-08-12,101.75,Gift set,1
ORD002003,customer00300@example.com,2024-08-12,83.98,Ceramic mug,4
ORD002426,customer00406@example.com,2024-08-12,103.1,Cold brew bottle,4
ORD002802,customer00635@example.com,2024-08-12,10.42,Single-origin beans 250g,1
ORD001131,customer00128@example.com,2024-08-12,233.32,Espresso blend 1kg,5
ORD000374,customer00043@example.com,2024-08-12,93.39,Gift set,1
ORD000805,customer00090@example.com,2024-08-12,52.98,Travel tumbler,2
ORD000464,customer00052@example.com,2024-08-12,58.61,Travel tumbler,2
ORD001201,customer00134@example.com,2024-08-12,32.91,Cold brew bottle,1
ORD000248,customer00029@example.com,2024-08-13,76.37,Espresso blend 1kg,2
ORD001356,customer00152@example.com,2024-08-13,105.68,Espresso blend 1kg,2
ORD001689,customer00228@example.com,2024-08-13,18.19,Ceramic mug,1
ORD001711,customer00234@example.com,2024-08-13,25.58,Cold brew bottle,1
ORD000310,customer00036@example.com,2024-08-13,42.34,Ceramic mug,2
ORD000207,customer00025@example.com,2024-08-13,39.93,Cold brew bottle,1
ORD002526,customer00432@example.com,2024-08-14,40.13,Single-origin beans 250g,3
ORD001545,customer00188@example.com,2024-08-14,60.75,Gift set,1
ORD002386,customer00397@example.com,2024-08-14,37.29,Ceramic mug,2
ORD002407,customer00401@example.com,2024-08-14,43.88,Ceramic mug,3
ORD001782,customer00250@example.com,2024-08-14,17.25,Ceramic mug,1
ORD000256,customer00030@example.com,2024-08-14,125.49,Espresso blend 1kg,3
ORD001005,customer00114@example.com,2024-08-15,20.69,Single-origin beans 250g,1
ORD002016,customer00303@example.com,2024-08-15,32.24,Espresso blend 1kg,1
ORD000131,customer00016@example.com,2024-08-15,46.99,Espresso blend 1kg,1
ORD001839,customer00264@example.com,2024-08-15,39.69,Pour-over kit,1
ORD002696,customer00556@example.com,2024-08-15,52.36,Cold brew bottle,2
ORD001132,customer00128@example.com,2024-08-15,22.29,Single-origin beans 250g,1
ORD002609,customer00489@example.com,2024-08-15,11.32,Single-origin beans 250g,1
ORD002044,customer00310@example.com,2024-08-15,27.07,Cold brew bottle,1
ORD001668,customer00222@example.com,2024-08-15,52.01,Travel tumbler,2
ORD001876,customer00275@example.com,2024-08-16,20.57,Ceramic mug,1
ORD002004,customer00300@example.com,2024-08-16,41.46,Pour-over kit,1
ORD002630,customer00503@example.com,2024-08-16,31.06,Ceramic mug,2
ORD002783,customer00622@example.com,2024-08-16,28.26,Single-origin beans 250g,2
ORD000840,customer00095@example.com,2024-08-16,46.67,Pour-over kit,1
ORD000710,customer00079@example.com,2024-08-16,59.07,Pour-over kit,1
ORD000806,customer00090@example.com,2024-08-16,100.01,Gift set,1
ORD000989,customer00112@example.com,2024-08-17,21.91,Single-origin beans 250g,1
ORD002643,customer00514@example.com,2024-08-17,22.19,Pour-over kit,1
ORD000652,customer00073@example.com,2024-08-17,55.33,Espresso blend 1kg,1
ORD000065,customer00008@example.com,2024-08-18,35.71,Travel tumbler,1
ORD001669,customer00222@example.com,2024-08-18,22.23,Travel tumbler,1
ORD002126,customer00334@example.com,2024-08-18,25.2,Cold brew bottle,1
ORD000865,customer00097@example.com,2024-08-18,80.17,Espresso blend 1kg,2
ORD001401,customer00158@example.com,2024-08-18,172.25,Cold brew bottle,5
ORD002820,customer00649@example.com,2024-08-18,58.88,Cold brew bottle,2
ORD001561,customer00193@example.com,2024-08-19,35.11,Espresso blend 1kg,1
ORD002606,customer00487@example.com,2024-08-19,107.29,Gift set,2
ORD002103,customer00328@example.com,2024-08-19,33.55,Espresso blend 1kg,1
ORD000559,customer00062@example.com,2024-08-20,76.72,Gift set,1
ORD000208,customer00025@example.com,2024-08-20,36.08,Espresso blend 1kg,1
ORD002284,customer00369@example.com,2024-08-20,68.88,Gift set,1
ORD001381,customer00155@example.com,2024-08-20,170.43,Gift set,2
ORD002005,customer00300@example.com,2024-08-20,48.43,Travel tumbler,2
ORD000630,customer00069@example.com,2024-08-20,41.77,Cold brew bottle,1
ORD002025,customer00305@example.com,2024-08-20,75.08,Espresso blend 1kg,2
ORD002144,customer00338@example.com,2024-08-20,14.83,Single-origin beans 250g,1
ORD002776,customer00617@example.com,2024-08-20,66.08,Espresso blend 1kg,2
ORD000869,customer00098@example.com,2024-08-20,84.74,Single-origin beans 250g,4
ORD002566,customer00458@example.com,2024-08-20,41.7,Travel tumbler,2
ORD002789,customer00625@example.com,2024-08-21,32.01,Single-origin beans 250g,2
ORD001336,customer00150@example.com,2024-08-21,68.04,Travel tumbler,2
ORD001836,customer00263@example.com,2024-08-21,37.98,Travel tumbler,2
ORD001258,customer00141@example.com,2024-08-21,119.97,Espresso blend 1kg,2
ORD002835,customer00659@example.com,2024-08-21,50.37,Cold brew bottle,2
ORD002095,customer00325@example.com,2024-08-21,38.23,Pour-over kit,1
ORD000501,customer00055@example.com,2024-08-21,45.64,Single-origin beans 250g,2
ORD002400,customer00400@example.com,2024-08-22,38.83,Espresso blend 1kg,1
ORD000841,customer00095@example.com,2024-08-22,108.52,Espresso blend 1kg,2
ORD000311,customer00036@example.com,2024-08-22,93.02,Gift set,1
ORD002572,customer00462@example.com,2024-08-22,10.32,Single-origin beans 250g,1
ORD000375,customer00043@example.com,2024-08-22,51.84,Espresso blend 1kg,1
ORD002408,customer00401@example.com,2024-08-22,45.45,Pour-over kit,1
ORD002678,customer00542@example.com,2024-08-22,19.19,Travel tumbler,1
ORD002401,customer00400@example.com,2024-08-23,50.97,Cold brew bottle,2
ORD001228,customer00138@example.com,2024-08-23,53.7,Cold brew bottle,2
ORD001824,customer00261@example.com,2024-08-23,53.3,Travel tumbler,2
ORD002409,customer00401@example.com,2024-08-23,43.48,Pour-over kit,1
ORD000856,customer00096@example.com,2024-08-23,48.69,Espresso blend 1kg,1
ORD002628,customer00501@example.com,2024-08-23,23.21,Travel tumbler,1
ORD000502,customer00055@example.com,2024-08-23,38.64,Pour-over kit,1
ORD001006,customer00114@example.com,2024-08-23,65.25,Gift set,1
ORD002402,customer00400@example.com,2024-08-23,44.24,Travel tumbler,2
ORD000513,customer00057@example.com,2024-08-23,276.23,Gift set,3
ORD002647,customer00516@example.com,2024-08-23,19.74,Travel tumbler,1
ORD002038,customer00308@example.com,2024-08-23,44.45,Single-origin beans 250g,3
ORD001376,customer00154@example.com,2024-08-23,40.63,Ceramic mug,2
ORD002339,customer00383@example.com,2024-08-23,98.32,Ceramic mug,5
ORD000744,customer00083@example.com,2024-08-24,21.75,Ceramic mug,1
ORD000990,customer00112@example.com,2024-08-24,31.25,Travel tumbler,1
ORD000842,customer00095@example.com,2024-08-24,41.86,Cold brew bottle,1
ORD002131,customer00335@example.com,2024-08-24,61.8,Pour-over kit,2
ORD002735,customer00586@example.com,2024-08-24,12.91,Single-origin beans 250g,1
ORD001952,customer00290@example.com,2024-08-24,24.97,Travel tumbler,1
ORD002193,customer00349@example.com,2024-08-25,17.0,Single-origin beans 250g,1
ORD000944,customer00107@example.com,2024-08-25,21.08,Travel tumbler,1
ORD000376,customer00043@example.com,2024-08-25,109.85,Single-origin beans 250g,5
ORD002831,customer00656@example.com,2024-08-25,28.32,Single-origin beans 250g,2
ORD002145,customer00338@example.com,2024-08-25,22.58,Travel tumbler,1
ORD000166,customer00020@example.com,2024-08-25,145.14,Gift set,2
ORD001357,customer00152@example.com,2024-08-25,58.87,Single-origin beans 250g,3
ORD000913,customer00104@example.com,2024-08-25,56.29,Pour-over kit,1
ORD000089,customer00010@example.com,2024-08-26,120.05,Pour-over kit,2
ORD002427,customer00406@example.com,2024-08-26,32.59,Espresso blend 1kg,1
ORD000676,customer00075@example.com,2024-08-26,55.65,Travel tumbler,2
ORD000677,customer00075@example.com,2024-08-26,28.96,Cold brew bottle,1
ORD001774,customer00248@example.com,2024-08-26,32.75,Pour-over kit,1
ORD001447,customer00166@example.com,2024-08-26,16.95,Ceramic mug,1
ORD002104,customer00328@example.com,2024-08-26,15.23,Single-origin beans 250g,1
ORD000167,customer00020@example.com,2024-08-26,86.89,Gift set,1
ORD002474,customer00418@example.com,2024-08-26,69.41,Gift set,1
ORD000503,customer00055@example.com,2024-08-26,274.42,Gift set,3
ORD000843,customer00095@example.com,2024-08-26,89.98,Cold brew bottle,2
ORD000653,customer00073@example.com,2024-08-26,133.28,Pour-over kit,3
ORD000957,customer00109@example.com,2024-08-27,61.49,Pour-over kit,1
ORD000631,customer00069@example.com,2024-08-27,90.94,Pour-over kit,2
ORD001414,customer00160@example.com,2024-08-27,64.13,Travel tumbler,3
ORD000398,customer00045@example.com,2024-08-27,230.04,Espresso blend 1kg,4
ORD001619,customer00208@example.com,2024-08-27,27.65,Cold brew bottle,1
ORD002538,customer00439@example.com,2024-08-27,28.18,Ceramic mug,2
ORD000132,customer00016@example.com,2024-08-27,111.63,Pour-over kit,2
ORD000399,customer00045@example.com,2024-08-27,62.62,Espresso blend 1kg,1
ORD002611,customer00491@example.com,2024-08-27,87.41,Gift set,2
ORD002743,customer00591@example.com,2024-08-28,117.52,Cold brew bottle,5
ORD001461,customer00168@example.com,2024-08-28,27.99,Cold brew bottle,1
ORD002801,customer00634@example.com,2024-08-28,202.87,Pour-over kit,5
ORD001415,customer00160@example.com,2024-08-28,106.97,Cold brew bottle,3
ORD002591,customer00474@example.com,2024-08-28,93.81,Gift set,2
ORD001034,customer00117@example.com,2024-08-28,39.36,Single-origin beans 250g,2
ORD000234,customer00028@example.com,2024-08-28,69.95,Cold brew bottle,2
ORD001565,customer00194@example.com,2024-08-28,35.89,Pour-over kit,1
ORD000826,customer00093@example.com,2024-08-28,37.35,Travel tumbler,1
ORD000434,customer00049@example.com,2024-08-28,19.54,Ceramic mug,1
ORD001536,customer00186@example.com,2024-08-28,28.26,Single-origin beans 250g,2
ORD002514,customer00429@example.com,2024-08-28,220.57,Pour-over kit,5
ORD002650,customer00519@example.com,2024-08-28,70.46,Pour-over kit,2
ORD002017,customer00303@example.com,2024-08-28,24.85,Cold brew bottle,1
ORD000844,customer00095@example.com,2024-08-29,245.43,Gift set,3
ORD000902,customer00103@example.com,2024-08-29,107.15,Espresso blend 1kg,2
ORD002756,customer00602@example.com,2024-08-29,31.98,Espresso blend 1kg,1
ORD000897,customer00102@example.com,2024-08-29,21.02,Single-origin beans 250g,1
ORD001953,customer00290@example.com,2024-08-29,18.07,Ceramic mug,1
ORD001171,customer00131@example.com,2024-08-29,98.07,Gift set,1
ORD001158,customer00130@example.com,2024-08-29,45.21,Espresso blend 1kg,1
ORD002132,customer00335@example.com,2024-08-29,23.6,Travel tumbler,1
ORD002260,customer00363@example.com,2024-08-29,34.21,Espresso blend 1kg,1
ORD000975,customer00111@example.com,2024-08-30,40.24,Espresso blend 1kg,1
ORD002209,customer00352@example.com,2024-08-30,22.45,Travel tumbler,1
ORD001435,customer00162@example.com,2024-08-30,31.2,Travel tumbler,1
ORD002593,customer00476@example.com,2024-08-30,13.27,Single-origin beans 250g,1
ORD000654,customer00073@example.com,2024-08-30,49.2,Espresso blend 1kg,1
ORD001035,customer00117@example.com,2024-08-30,225.42,Pour-over kit,4
ORD000150,customer00018@example.com,2024-08-30,50.18,Espresso blend 1kg,1
ORD000745,customer00083@example.com,2024-08-31,74.86,Gift set,1
ORD002387,customer00397@example.com,2024-08-31,13.71,Single-origin beans 250g,1
ORD000347,customer00040@example.com,2024-08-31,52.78,Espresso blend 1kg,1
ORD001979,customer00295@example.com,2024-08-31,17.81,Ceramic mug,1
ORD001276,customer00143@example.com,2024-08-31,49.35,Espresso blend 1kg,1
ORD001046,customer00118@example.com,2024-08-31,24.68,Ceramic mug,1
ORD001877,customer00275@example.com,2024-08-31,85.86,Pour-over kit,2
ORD000109,customer00013@example.com,2024-08-31,60.46,Cold brew bottle,2
ORD000638,customer00071@example.com,2024-08-31,357.7,Gift set,5
ORD001358,customer00152@example.com,2024-09-01,27.53,Ceramic mug,1
ORD001259,customer00141@example.com,2024-09-01,33.44,Cold brew bottle,1
ORD002432,customer00407@example.com,2024-09-02,28.25,Espresso blend 1kg,1
ORD001825,customer00261@example.com,2024-09-02,18.44,Single-origin beans 250g,1
ORD002033,customer00307@example.com,2024-09-02,64.33,Single-origin beans 250g,4
ORD001504,customer00178@example.com,2024-09-02,83.7,Pour-over kit,2
ORD000218,customer00026@example.com,2024-09-02,177.05,Gift set,2
ORD002590,customer00473@example.com,2024-09-02,23.36,Cold brew bottle,1
ORD001569,customer00195@example.com,2024-09-02,42.49,Ceramic mug,2
ORD002212,customer00353@example.com,2024-09-02,42.21,Pour-over kit,1
ORD002039,customer00308@example.com,2024-09-02,70.54,Espresso blend 1kg,2
ORD001600,customer00202@example.com,2024-09-02,22.75,Ceramic mug,1
ORD000257,customer00030@example.com,2024-09-02,43.02,Espresso blend 1kg,1
ORD000100,customer00012@example.com,2024-09-03,22.97,Ceramic mug,1
ORD000898,customer00102@example.com,2024-09-03,92.3,Ceramic mug,4
ORD002122,customer00333@example.com,2024-09-03,23.95,Travel tumbler,1
ORD000787,customer00087@example.com,2024-09-03,21.59,Ceramic mug,1
ORD002018,customer00303@example.com,2024-09-03,15.35,Single-origin beans 250g,1
ORD001248,customer00140@example.com,2024-09-03,20.7,Ceramic mug,1
ORD000594,customer00066@example.com,2024-09-03,44.6,Espresso blend 1kg,1
ORD000788,customer00087@example.com,2024-09-03,94.33,Gift set,1
ORD002195,customer00349@example.com,2024-09-03,88.18,Single-origin beans 250g,5
ORD000235,customer00028@example.com,2024-09-03,66.64,Pour-over kit,1
ORD002194,customer00349@example.com,2024-09-03,41.46,Espresso blend 1kg,1
ORD000133,customer00016@example.com,2024-09-03,29.93,Travel tumbler,1
ORD000716,customer00080@example.com,2024-09-03,59.15,Single-origin beans 250g,3
ORD002804,customer00637@example.com,2024-09-03,17.68,Cold brew bottle,1
ORD002797,customer00631@example.com,2024-09-04,10.58,Ceramic mug,1
ORD002610,customer00490@example.com,2024-09-04,46.71,Gift set,1
ORD000666,customer00074@example.com,2024-09-04,66.18,Travel tumbler,2
ORD000465,customer00052@example.com,2024-09-04,58.11,Pour-over kit,1
ORD001249,customer00140@example.com,2024-09-04,23.12,Travel tumbler,1
ORD001093,customer00123@example.com,2024-09-04,62.7,Pour-over kit,1
ORD002825,customer00652@example.com,2024-09-04,12.04,Single-origin beans 250g,1
ORD002269,customer00365@example.com,2024-09-05,74.89,Espresso blend 1kg,2
ORD002506,customer00427@example.com,2024-09-05,60.1,Gift set,1
ORD002462,customer00415@example.com,2024-09-05,17.81,Single-origin beans 250g,1
ORD000001,customer00001@example.com,2024-09-05,26.83,Ceramic mug,1
ORD001628,customer00211@example.com,2024-09-05,29.98,Ceramic mug,2
ORD000655,customer00073@example.com,2024-09-05,55.15,Pour-over kit,1
ORD001075,customer00121@example.com,2024-09-05,94.22,Gift set,1
ORD000758,customer00084@example.com,2024-09-05,115.69,Pour-over kit,2
ORD001915,customer00282@example.com,2024-09-05,103.74,Ceramic mug,5
ORD001932,customer00286@example.com,2024-09-05,35.3,Espresso blend 1kg,1
ORD001505,customer00178@example.com,2024-09-05,29.0,Cold brew bottle,1
ORD001260,customer00141@example.com,2024-09-05,101.86,Espresso blend 1kg,2
ORD000958,customer00109@example.com,2024-09-05,92.85,Pour-over kit,2
ORD002213,customer00353@example.com,2024-09-05,20.76,Ceramic mug,1
ORD001087,customer00122@example.com,2024-09-05,31.09,Cold brew bottle,1
ORD000045,customer00006@example.com,2024-09-05,76.17,Gift set,1
ORD001145,customer00129@example.com,2024-09-05,83.55,Gift set,1
ORD001288,customer00144@example.com,2024-09-05,32.87,Travel tumbler,1
ORD001184,customer00132@example.com,2024-09-06,52.35,Pour-over kit,1
ORD001681,customer00227@example.com,2024-09-06,50.13,Pour-over kit,1
ORD000348,customer00040@example.com,2024-09-06,24.67,Single-origin beans 250g,1
ORD000903,customer00103@example.com,2024-09-06,35.01,Travel tumbler,1
ORD002565,customer00457@example.com,2024-09-06,20.28,Travel tumbler,1
ORD001873,customer00274@example.com,2024-09-06,22.66,Travel tumbler,1
ORD002863,customer00675@example.com,2024-09-06,17.82,Travel tumbler,1
ORD002191,customer00348@example.com,2024-09-07,63.0,Travel tumbler,3
ORD000505,customer00056@example.com,2024-09-07,162.39,Gift set,2
ORD002295,customer00372@example.com,2024-09-07,66.75,Gift set,1
ORD000515,customer00057@example.com,2024-09-07,22.24,Single-origin beans 250g,1
ORD000090,customer00010@example.com,2024-09-07,55.04,Pour-over kit,1
ORD001854,customer00268@example.com,2024-09-07,17.23,Ceramic mug,1
ORD001076,customer00121@example.com,2024-09-07,92.88,Travel tumbler,3
ORD002416,customer00403@example.com,2024-09-07,16.45,Single-origin beans 250g,1
ORD000387,customer00044@example.com,2024-09-07,23.91,Single-origin beans 250g,1
ORD001251,customer00140@example.com,2024-09-07,18.11,Single-origin beans 250g,1
ORD000514,customer00057@example.com,2024-09-07,47.28,Pour-over kit,1
ORD001359,customer00152@example.com,2024-09-07,53.89,Espresso blend 1kg,1
ORD002146,customer00338@example.com,2024-09-07,71.34,Espresso blend 1kg,2
ORD002064,customer00317@example.com,2024-09-07,17.74,Single-origin beans 250g,1
ORD000469,customer00053@example.com,2024-09-07,68.1,Cold brew bottle,2
ORD000457,customer00051@example.com,2024-09-07,25.02,Ceramic mug,1
ORD001562,customer00193@example.com,2024-09-07,48.95,Travel tumbler,2
ORD002261,customer00363@example.com,2024-09-07,22.65,Travel tumbler,1
ORD001250,customer00140@example.com,2024-09-07,31.94,Cold brew bottle,1
ORD001947,customer00289@example.com,2024-09-07,42.24,Ceramic mug,2
ORD000377,customer00043@example.com,2024-09-08,223.97,Gift set,2
ORD002153,customer00340@example.com,2024-09-08,14.17,Single-origin beans 250g,1
ORD000492,customer00054@example.com,2024-09-08,37.73,Single-origin beans 250g,2
ORD002780,customer00619@example.com,2024-09-08,28.36,Single-origin beans 250g,2
ORD002551,customer00448@example.com,2024-09-08,34.84,Single-origin beans 250g,3
ORD000219,customer00026@example.com,2024-09-08,71.29,Gift set,1
ORD002605,customer00486@example.com,2024-09-08,29.74,Ceramic mug,2
ORD002296,customer00372@example.com,2024-09-08,14.19,Single-origin beans 250g,1
ORD000312,customer00036@example.com,2024-09-08,95.58,Espresso blend 1kg,2
ORD001636,customer00214@example.com,2024-09-08,12.2,Single-origin beans 250g,1
ORD001133,customer00128@example.com,2024-09-08,63.61,Travel tumbler,2
ORD001265,customer00142@example.com,2024-09-09,78.91,Travel tumbler,3
ORD001775,customer00248@example.com,2024-09-09,40.15,Single-origin beans 250g,3
ORD000692,customer00077@example.com,2024-09-09,57.24,Espresso blend 1kg,1
ORD000367,customer00042@example.com,2024-09-09,48.28,Pour-over kit,1
ORD001051,customer00119@example.com,2024-09-09,16.84,Single-origin beans 250g,1
ORD000904,customer00103@example.com,2024-09-10,26.27,Travel tumbler,1
ORD002706,customer00565@example.com,2024-09-10,11.83,Ceramic mug,1
ORD001349,customer00151@example.com,2024-09-10,23.43,Ceramic mug,1
ORD000177,customer00021@example.com,2024-09-10,68.95,Cold brew bottle,2
ORD002631,customer00504@example.com,2024-09-10,20.59,Cold brew bottle,1
ORD002574,customer00463@example.com,2024-09-10,33.17,Travel tumbler,2
ORD002541,customer00441@example.com,2024-09-10,17.03,Travel tumbler,1
ORD002815,customer00646@example.com,2024-09-10,41.55,Travel tumbler,2
ORD000154,customer00019@example.com,2024-09-11,71.23,Cold brew bottle,2
ORD002463,customer00415@example.com,2024-09-11,41.19,Travel tumbler,2
ORD002515,customer00429@example.com,2024-09-11,40.53,Travel tumbler,2
ORD001454,customer00167@example.com,2024-09-11,28.52,Single-origin beans 250g,2
ORD000529,customer00059@example.com,2024-09-11,98.92,Gift set,1
ORD001798,customer00254@example.com,2024-09-11,86.07,Cold brew bottle,3
ORD000432,customer00048@example.com,2024-09-11,90.13,Gift set,1
ORD002350,customer00386@example.com,2024-09-11,33.5,Espresso blend 1kg,1
ORD000796,customer00089@example.com,2024-09-11,34.87,Travel tumbler,1
ORD000759,customer00084@example.com,2024-09-11,21.78,Single-origin beans 250g,1
ORD002410,customer00401@example.com,2024-09-11,30.02,Cold brew bottle,1
ORD000678,customer00075@example.com,2024-09-11,70.71,Travel tumbler,2
ORD002285,customer00369@example.com,2024-09-11,96.9,Cold brew bottle,3
ORD000002,customer00001@example.com,2024-09-12,140.58,Espresso blend 1kg,3
ORD001319,customer00147@example.com,2024-09-12,228.41,Pour-over kit,4
ORD002204,customer00351@example.com,2024-09-12,38.57,Ceramic mug,2
ORD002433,customer00407@example.com,2024-09-12,33.41,Single-origin beans 250g,2
ORD001637,customer00214@example.com,2024-09-12,152.46,Pour-over kit,4
ORD000314,customer00036@example.com,2024-09-12,23.62,Ceramic mug,1
ORD002599,customer00481@example.com,2024-09-12,52.04,Travel tumbler,2
ORD001821,customer00260@example.com,2024-09-12,85.09,Pour-over kit,2
ORD002681,customer00545@example.com,2024-09-12,24.97,Cold brew bottle,1
ORD001416,customer00160@example.com,2024-09-12,36.21,Ceramic mug,2
ORD000313,customer00036@example.com,2024-09-12,82.06,Gift set,1
ORD000362,customer00041@example.com,2024-09-12,82.29,Gift set,1
ORD001405,customer00159@example.com,2024-09-12,181.54,Espresso blend 1kg,4
ORD002112,customer00330@example.com,2024-09-12,63.5,Gift set,1
ORD000878,customer00099@example.com,2024-09-13,63.79,Travel tumbler,2
ORD002196,customer00349@example.com,2024-09-13,28.38,Travel tumbler,1
ORD000905,customer00103@example.com,2024-09-13,46.16,Cold brew bottle,1
ORD001537,customer00186@example.com,2024-09-13,19.74,Ceramic mug,1
ORD000870,customer00098@example.com,2024-09-13,47.78,Single-origin beans 250g,2
ORD000134,customer00016@example.com,2024-09-13,42.63,Espresso blend 1kg,1
ORD001566,customer00194@example.com,2024-09-13,49.13,Travel tumbler,2
ORD002160,customer00341@example.com,2024-09-13,33.02,Ceramic mug,2
ORD001266,customer00142@example.com,2024-09-13,33.34,Cold brew bottle,1
ORD002388,customer00397@example.com,2024-09-13,144.57,Pour-over kit,3
ORD000435,customer00049@example.com,2024-09-13,37.96,Single-origin beans 250g,2
ORD000349,customer00040@example.com,2024-09-14,144.12,Pour-over kit,3
ORD002346,customer00385@example.com,2024-09-14,43.45,Ceramic mug,2
ORD000209,customer00025@example.com,2024-09-14,56.44,Espresso blend 1kg,1
ORD001229,customer00138@example.com,2024-09-14,89.05,Gift set,1
ORD001712,customer00234@example.com,2024-09-14,189.99,Gift set,3
ORD002670,customer00536@example.com,2024-09-15,75.14,Pour-over kit,2
ORD000094,customer00011@example.com,2024-09-15,339.33,Gift set,4
ORD001277,customer00143@example.com,2024-09-15,32.41,Cold brew bottle,1
ORD002215,customer00353@example.com,2024-09-15,16.61,Single-origin beans 250g,1
ORD002106,customer00329@example.com,2024-09-15,70.87,Gift set,1
ORD001826,customer00261@example.com,2024-09-15,17.37,Ceramic mug,1
ORD002586,customer00471@example.com,2024-09-15,11.57,Single-origin beans 250g,1
ORD002019,customer00303@example.com,2024-09-15,27.69,Single-origin beans 250g,2
ORD002342,customer00384@example.com,2024-09-15,39.41,Ceramic mug,2
ORD002214,customer00353@example.com,2024-09-15,67.05,Cold brew bottle,2
ORD001895,customer00278@example.com,2024-09-15,72.37,Pour-over kit,2
ORD002275,customer00367@example.com,2024-09-15,31.1,Ceramic mug,2
ORD001518,customer00182@example.com,2024-09-15,44.15,Cold brew bottle,2
ORD000436,customer00049@example.com,2024-09-16,22.82,Single-origin beans 250g,1
ORD001827,customer00261@example.com,2024-09-16,43.26,Espresso blend 1kg,1
ORD001016,customer00116@example.com,2024-09-16,62.41,Pour-over kit,1
ORD002812,customer00644@example.com,2024-09-16,48.76,Travel tumbler,2
ORD000656,customer00073@example.com,2024-09-16,128.72,Ceramic mug,5
ORD001529,customer00184@example.com,2024-09-16,53.87,Single-origin beans 250g,3
ORD002347,customer00385@example.com,2024-09-16,18.17,Ceramic mug,1
ORD000236,customer00028@example.com,2024-09-16,103.82,Gift set,1
ORD000210,customer00025@example.com,2024-09-16,16.16,Single-origin beans 250g,1
ORD000906,customer00103@example.com,2024-09-16,27.41,Ceramic mug,1
ORD001638,customer00214@example.com,2024-09-17,39.78,Travel tumbler,2
ORD001267,customer00142@example.com,2024-09-17,76.51,Ceramic mug,3
ORD002045,customer00310@example.com,2024-09-17,31.13,Ceramic mug,2
ORD001261,customer00141@example.com,2024-09-17,68.08,Single-origin beans 250g,3
ORD002020,customer00303@example.com,2024-09-17,29.28,Cold brew bottle,1
ORD000003,customer00001@example.com,2024-09-17,22.13,Single-origin beans 250g,1
ORD001744,customer00241@example.com,2024-09-17,38.11,Espresso blend 1kg,1
ORD001828,customer00261@example.com,2024-09-17,46.25,Cold brew bottle,2
ORD000546,customer00061@example.com,2024-09-17,235.75,Espresso blend 1kg,5
ORD000110,customer00013@example.com,2024-09-17,183.19,Cold brew bottle,5
ORD000211,customer00025@example.com,2024-09-18,40.47,Cold brew bottle,1
ORD001402,customer00158@example.com,2024-09-18,74.09,Cold brew bottle,2
ORD000438,customer00049@example.com,2024-09-18,28.14,Travel tumbler,1
ORD000437,customer00049@example.com,2024-09-18,29.73,Travel tumbler,1
ORD002297,customer00372@example.com,2024-09-18,300.84,Gift set,4
ORD001984,customer00296@example.com,2024-09-18,138.89,Gift set,2
ORD002113,customer00330@example.com,2024-09-19,75.8,Espresso blend 1kg,2
ORD001278,customer00143@example.com,2024-09-19,18.04,Single-origin beans 250g,1
ORD000704,customer00078@example.com,2024-09-19,109.7,Espresso blend 1kg,2
ORD002748,customer00594@example.com,2024-09-19,60.95,Gift set,1
ORD000111,customer00013@example.com,2024-09-19,52.12,Espresso blend 1kg,1
ORD001980,customer00295@example.com,2024-09-19,16.63,Ceramic mug,1
ORD001994,customer00298@example.com,2024-09-19,53.4,Single-origin beans 250g,4
ORD001724,customer00237@example.com,2024-09-19,124.47,Gift set,2
ORD000845,customer00095@example.com,2024-09-19,23.81,Travel tumbler,1
ORD002738,customer00588@example.com,2024-09-19,33.53,Pour-over kit,1
ORD000378,customer00043@example.com,2024-09-19,56.43,Travel tumbler,2
ORD001047,customer00118@example.com,2024-09-19,62.75,Travel tumbler,2
ORD000571,customer00064@example.com,2024-09-19,43.07,Single-origin beans 250g,2
ORD000237,customer00028@example.com,2024-09-19,66.09,Pour-over kit,1
ORD001583,customer00199@example.com,2024-09-19,19.26,Ceramic mug,1
ORD002216,customer00353@example.com,2024-09-20,38.4,Travel tumbler,2
ORD001202,customer00134@example.com,2024-09-20,35.54,Travel tumbler,1
ORD000400,customer00045@example.com,2024-09-20,34.84,Travel tumbler,1
ORD000693,customer00077@example.com,2024-09-20,49.5,Espresso blend 1kg,1
ORD000836,customer00094@example.com,2024-09-20,19.34,Single-origin beans 250g,1
ORD000866,customer00097@example.com,2024-09-20,194.71,Gift set,2
ORD000639,customer00071@example.com,2024-09-20,34.01,Cold brew bottle,1
ORD002475,customer00418@example.com,2024-09-20,85.91,Cold brew bottle,3
ORD000827,customer00093@example.com,2024-09-20,20.86,Single-origin beans 250g,1
ORD002818,customer00648@example.com,2024-09-21,14.83,Ceramic mug,1
ORD001739,customer00240@example.com,2024-09-21,58.96,Gift set,1
ORD000112,customer00013@example.com,2024-09-21,37.0,Cold brew bottle,1
ORD000667,customer00074@example.com,2024-09-21,169.86,Gift set,2
ORD001589,customer00200@example.com,2024-09-21,49.41,Single-origin beans 250g,3
ORD000057,customer00007@example.com,2024-09-21,127.42,Gift set,2
ORD001855,customer00268@example.com,2024-09-21,40.3,Travel tumbler,2
ORD002557,customer00452@example.com,2024-09-21,26.96,Espresso blend 1kg,1
ORD000746,customer00083@example.com,2024-09-21,57.55,Pour-over kit,1
ORD000470,customer00053@example.com,2024-09-21,28.81,Travel tumbler,1
ORD000723,customer00081@example.com,2024-09-21,27.25,Ceramic mug,1
ORD002117,customer00332@example.com,2024-09-21,17.9,Ceramic mug,1
ORD002321,customer00378@example.com,2024-09-21,43.32,Espresso blend 1kg,1
ORD001203,customer00134@example.com,2024-09-21,71.61,Gift set,1
ORD000269,customer00031@example.com,2024-09-22,38.37,Cold brew bottle,1
ORD002575,customer00463@example.com,2024-09-22,12.69,Single-origin beans 250g,1
ORD000004,customer00001@example.com,2024-09-22,57.3,Pour-over kit,1
ORD001651,customer00217@example.com,2024-09-22,45.78,Espresso blend 1kg,1
ORD000595,customer00066@example.com,2024-09-22,36.28,Cold brew bottle,1
ORD000587,customer00065@example.com,2024-09-22,250.6,Gift set,3
ORD000077,customer00009@example.com,2024-09-22,24.73,Single-origin beans 250g,1
ORD000471,customer00053@example.com,2024-09-22,21.89,Ceramic mug,1
ORD001234,customer00139@example.com,2024-09-22,72.72,Gift set,1
ORD001134,customer00128@example.com,2024-09-22,168.64,Gift set,2
ORD000315,customer00036@example.com,2024-09-22,47.26,Espresso blend 1kg,1
ORD001382,customer00155@example.com,2024-09-22,111.6,Pour-over kit,2
ORD001052,customer00119@example.com,2024-09-22,117.82,Espresso blend 1kg,3
ORD001822,customer00260@example.com,2024-09-22,25.15,Travel tumbler,1
ORD002648,customer00517@example.com,2024-09-22,24.92,Single-origin beans 250g,2
ORD000807,customer00090@example.com,2024-09-23,100.03,Travel tumbler,3
ORD002644,customer00515@example.com,2024-09-23,49.49,Gift set,1
ORD001235,customer00139@example.com,2024-09-23,62.89,Travel tumbler,2
ORD000135,customer00016@example.com,2024-09-23,95.49,Cold brew bottle,2
ORD001297,customer00145@example.com,2024-09-23,52.7,Espresso blend 1kg,1
ORD001829,customer00261@example.com,2024-09-23,20.63,Travel tumbler,1
ORD001655,customer00218@example.com,2024-09-23,303.42,Gift set,5
ORD000472,customer00053@example.com,2024-09-23,30.67,Travel tumbler,1
ORD001252,customer00140@example.com,2024-09-23,99.03,Espresso blend 1kg,2
ORD002454,customer00413@example.com,2024-09-23,58.53,Ceramic mug,3
ORD001230,customer00138@example.com,2024-09-23,48.59,Espresso blend 1kg,1
ORD002197,customer00349@example.com,2024-09-24,115.2,Cold brew bottle,5
ORD001590,customer00200@example.com,2024-09-24,28.96,Cold brew bottle,1
ORD002298,customer00372@example.com,2024-09-24,14.71,Single-origin beans 250g,1
ORD001997,customer00299@example.com,2024-09-24,77.93,Espresso blend 1kg,2
ORD000960,customer00110@example.com,2024-09-24,110.06,Pour-over kit,2
ORD000473,customer00053@example.com,2024-09-24,136.26,Cold brew bottle,4
ORD001337,customer00150@example.com,2024-09-25,47.72,Pour-over kit,1
ORD002695,customer00555@example.com,2024-09-25,28.59,Ceramic mug,2
ORD001017,customer00116@example.com,2024-09-25,51.46,Espresso blend 1kg,1
ORD001011,customer00115@example.com,2024-09-25,28.65,Cold brew bottle,1
ORD001691,customer00229@example.com,2024-09-25,17.45,Single-origin beans 250g,1
ORD002758,customer00604@example.com,2024-09-25,27.75,Cold brew bottle,1
ORD000030,customer00004@example.com,2024-09-25,18.55,Ceramic mug,1
ORD001268,customer00142@example.com,2024-09-25,97.18,Pour-over kit,2
ORD002582,customer00468@example.com,2024-09-25,21.62,Travel tumbler,1
ORD000270,customer00031@example.com,2024-09-26,140.95,Pour-over kit,3
ORD001624,customer00210@example.com,2024-09-26,24.94,Cold brew bottle,1
ORD001338,customer00150@example.com,2024-09-26,34.44,Travel tumbler,1
ORD001406,customer00159@example.com,2024-09-26,70.47,Single-origin beans 250g,3
ORD002217,customer00353@example.com,2024-09-26,16.64,Single-origin beans 250g,1
ORD000238,customer00028@example.com,2024-09-26,150.53,Espresso blend 1kg,3
ORD000439,customer00049@example.com,2024-09-26,41.52,Ceramic mug,2
ORD002154,customer00340@example.com,2024-09-26,49.59,Pour-over kit,1
ORD002468,customer00416@example.com,2024-09-26,67.04,Gift set,1
ORD002846,customer00665@example.com,2024-09-26,44.52,Cold brew bottle,2
ORD002331,customer00379@example.com,2024-09-26,37.27,Ceramic mug,2
ORD001995,customer00298@example.com,2024-09-26,33.85,Espresso blend 1kg,1
ORD001135,customer00128@example.com,2024-09-26,82.74,Gift set,1
ORD000005,customer00001@example.com,2024-09-26,137.26,Pour-over kit,2
ORD002704,customer00563@example.com,2024-09-26,19.0,Cold brew bottle,1
ORD002839,customer00662@example.com,2024-09-26,49.0,Gift set,1
ORD002198,customer00349@example.com,2024-09-26,13.34,Single-origin beans 250g,1
ORD002753,customer00599@example.com,2024-09-27,37.95,Travel tumbler,2
ORD001584,customer00199@example.com,2024-09-27,32.62,Pour-over kit,1
ORD000846,customer00095@example.com,2024-09-27,105.66,Pour-over kit,2
ORD001136,customer00128@example.com,2024-09-27,48.5,Espresso blend 1kg,1
ORD000747,customer00083@example.com,2024-09-27,33.34,Cold brew bottle,1
ORD001783,customer00250@example.com,2024-09-27,285.83,Gift set,5
ORD001360,customer00152@example.com,2024-09-27,51.63,Pour-over kit,1
ORD001253,customer00140@example.com,2024-09-27,169.14,Gift set,2
ORD002464,customer00415@example.com,2024-09-27,68.6,Gift set,1
ORD000474,customer00053@example.com,2024-09-27,107.17,Pour-over kit,2
ORD000316,customer00036@example.com,2024-09-27,18.33,Single-origin beans 250g,1
ORD000899,customer00102@example.com,2024-09-28,78.98,Ceramic mug,4
ORD001334,customer00149@example.com,2024-09-28,45.92,Ceramic mug,2
ORD001298,customer00145@example.com,2024-09-28,31.91,Travel tumbler,1
ORD001036,customer00117@example.com,2024-09-28,177.67,Gift set,2
ORD000516,customer00057@example.com,2024-09-28,24.02,Ceramic mug,1
ORD001902,customer00279@example.com,2024-09-28,17.73,Ceramic mug,1
ORD001519,customer00182@example.com,2024-09-28,51.98,Ceramic mug,3
ORD000724,customer00081@example.com,2024-09-28,40.63,Cold brew bottle,1
ORD001279,customer00143@example.com,2024-09-28,79.11,Ceramic mug,3
ORD000530,customer00059@example.com,2024-09-28,42.11,Single-origin beans 250g,2
ORD002147,customer00338@example.com,2024-09-28,34.05,Single-origin beans 250g,3
ORD000379,customer00043@example.com,2024-09-29,52.0,Espresso blend 1kg,1
ORD002749,customer00595@example.com,2024-09-29,19.23,Travel tumbler,1
ORD002239,customer00358@example.com,2024-09-29,60.04,Travel tumbler,3
ORD000419,customer00047@example.com,2024-09-29,84.27,Gift set,1
ORD001485,customer00174@example.com,2024-09-29,39.78,Pour-over kit,1
ORD001954,customer00290@example.com,2024-09-29,27.12,Travel tumbler,1
ORD001455,customer00167@example.com,2024-09-29,13.92,Ceramic mug,1
ORD001987,customer00297@example.com,2024-09-29,55.23,Cold brew bottle,2
ORD001955,customer00290@example.com,2024-09-29,66.48,Espresso blend 1kg,2
ORD001037,customer00117@example.com,2024-09-29,42.3,Cold brew bottle,1
ORD002165,customer00342@example.com,2024-09-29,19.84,Travel tumbler,1
ORD001778,customer00249@example.com,2024-09-29,42.05,Pour-over kit,1
ORD001725,customer00237@example.com,2024-09-29,218.13,Gift set,3
ORD002021,customer00303@example.com,2024-09-29,57.6,Travel tumbler,2
ORD001231,customer00138@example.com,2024-09-29,25.38,Travel tumbler,1
ORD002642,customer00513@example.com,2024-09-30,17.2,Ceramic mug,1
ORD001254,customer00140@example.com,2024-09-30,105.96,Pour-over kit,2
ORD000475,customer00053@example.com,2024-09-30,153.35,Pour-over kit,3
ORD001538,customer00186@example.com,2024-09-30,67.9,Gift set,1
ORD001591,customer00200@example.com,2024-09-30,75.13,Espresso blend 1kg,2
ORD002034,customer00307@example.com,2024-09-30,25.57,Travel tumbler,1
ORD000023,customer00003@example.com,2024-09-30,42.31,Espresso blend 1kg,1
ORD001934,customer00287@example.com,2024-09-30,33.53,Espresso blend 1kg,1
ORD001592,customer00200@example.com,2024-09-30,27.37,Cold brew bottle,1
ORD002381,customer00396@example.com,2024-10-01,39.51,Pour-over kit,1
ORD000350,customer00040@example.com,2024-10-01,19.47,Single-origin beans 250g,1
ORD001393,customer00157@example.com,2024-10-01,21.27,Ceramic mug,1
ORD000351,customer00040@example.com,2024-10-01,36.7,Cold brew bottle,1
ORD001383,customer00155@example.com,2024-10-01,83.64,Cold brew bottle,2
ORD001236,customer00139@example.com,2024-10-01,31.97,Cold brew bottle,1
ORD002423,customer00405@example.com,2024-10-01,70.79,Espresso blend 1kg,2
ORD002668,customer00535@example.com,2024-10-01,15.17,Single-origin beans 250g,1
ORD000976,customer00111@example.com,2024-10-01,61.78,Pour-over kit,1
ORD000155,customer00019@example.com,2024-10-01,45.91,Ceramic mug,2
ORD002138,customer00337@example.com,2024-10-02,23.69,Cold brew bottle,1
ORD002056,customer00314@example.com,2024-10-02,15.11,Single-origin beans 250g,1
ORD002485,customer00420@example.com,2024-10-02,15.46,Ceramic mug,1
ORD002632,customer00505@example.com,2024-10-02,49.58,Gift set,1
ORD002155,customer00340@example.com,2024-10-02,31.62,Cold brew bottle,1
ORD000992,customer00113@example.com,2024-10-02,91.86,Pour-over kit,2
ORD001756,customer00244@example.com,2024-10-02,20.44,Ceramic mug,1
ORD001593,customer00200@example.com,2024-10-02,59.51,Cold brew bottle,2
ORD000226,customer00027@example.com,2024-10-02,126.07,Pour-over kit,2
ORD000679,customer00075@example.com,2024-10-02,28.41,Travel tumbler,1
ORD002107,customer00329@example.com,2024-10-02,110.99,Espresso blend 1kg,3
ORD002554,customer00450@example.com,2024-10-02,58.63,Espresso blend 1kg,2
ORD001856,customer00268@example.com,2024-10-02,37.17,Espresso blend 1kg,1
ORD001830,customer00261@example.com,2024-10-02,15.55,Single-origin beans 250g,1
ORD002137,customer00337@example.com,2024-10-02,77.9,Pour-over kit,2
ORD001799,customer00254@example.com,2024-10-03,21.21,Ceramic mug,1
ORD000046,customer00006@example.com,2024-10-03,37.09,Single-origin beans 250g,2
ORD002286,customer00369@example.com,2024-10-03,20.76,Travel tumbler,1
ORD000317,customer00036@example.com,2024-10-03,23.41,Ceramic mug,1
ORD001585,customer00199@example.com,2024-10-03,50.82,Pour-over kit,1
ORD002316,customer00376@example.com,2024-10-03,14.45,Single-origin beans 250g,1
ORD001146,customer00129@example.com,2024-10-03,35.44,Cold brew bottle,1
ORD002139,customer00337@example.com,2024-10-03,25.9,Cold brew bottle,1
ORD002434,customer00407@example.com,2024-10-03,11.79,Single-origin beans 250g,1
ORD002143,customer00337@example.com,2024-10-03,13.08,Single-origin beans 250g,1
ORD002035,customer00307@example.com,2024-10-03,37.91,Single-origin beans 250g,2
ORD001563,customer00193@example.com,2024-10-03,16.95,Single-origin beans 250g,1
ORD001038,customer00117@example.com,2024-10-03,48.89,Espresso blend 1kg,1
ORD002114,customer00330@example.com,2024-10-03,129.69,Gift set,2
ORD002507,customer00427@example.com,2024-10-04,88.15,Pour-over kit,2
ORD002417,customer00403@example.com,2024-10-04,14.92,Single-origin beans 250g,1
ORD002658,customer00526@example.com,2024-10-04,24.11,Cold brew bottle,1
ORD000298,customer00034@example.com,2024-10-04,36.71,Travel tumbler,1
ORD002308,customer00373@example.com,2024-10-04,31.31,Single-origin beans 250g,2
ORD002108,customer00329@example.com,2024-10-04,39.59,Pour-over kit,1
ORD002049,customer00311@example.com,2024-10-04,18.57,Single-origin beans 250g,1
ORD000380,customer00043@example.com,2024-10-04,74.03,Gift set,1
ORD002276,customer00367@example.com,2024-10-04,39.93,Pour-over kit,1
ORD001840,customer00264@example.com,2024-10-04,25.69,Travel tumbler,1
ORD001520,customer00182@example.com,2024-10-04,31.97,Espresso blend 1kg,1
ORD001517,customer00181@example.com,2024-10-04,19.9,Travel tumbler,1
ORD002389,customer00397@example.com,2024-10-04,34.74,Espresso blend 1kg,1
ORD002449,customer00412@example.com,2024-10-04,27.26,Travel tumbler,1
ORD002140,customer00337@example.com,2024-10-04,25.48,Cold brew bottle,1
ORD001769,customer00247@example.com,2024-10-04,33.92,Cold brew bottle,1
ORD002527,customer00432@example.com,2024-10-04,94.84,Pour-over kit,2
ORD002156,customer00340@example.com,2024-10-04,17.94,Ceramic mug,1
ORD002542,customer00442@example.com,2024-10-04,65.75,Pour-over kit,2
ORD000739,customer00082@example.com,2024-10-04,21.11,Ceramic mug,1
ORD000258,customer00030@example.com,2024-10-04,24.51,Ceramic mug,1
ORD002382,customer00396@example.com,2024-10-05,54.36,Travel tumbler,2
ORD002847,customer00666@example.com,2024-10-05,96.35,Travel tumbler,5
ORD002617,customer00495@example.com,2024-10-05,71.55,Travel tumbler,3
ORD001846,customer00267@example.com,2024-10-05,137.55,Cold brew bottle,5
ORD002455,customer00413@example.com,2024-10-05,70.34,Gift set,1
ORD000725,customer00081@example.com,2024-10-05,48.71,Ceramic mug,2
ORD001594,customer00200@example.com,2024-10-05,136.02,Gift set,2
ORD002428,customer00406@example.com,2024-10-05,194.46,Gift set,3
ORD002717,customer00573@example.com,2024-10-05,12.47,Single-origin beans 250g,1
ORD001935,customer00287@example.com,2024-10-05,23.34,Travel tumbler,1
ORD002192,customer00348@example.com,2024-10-05,17.22,Ceramic mug,1
ORD000925,customer00106@example.com,2024-10-05,204.33,Pour-over kit,3
ORD001448,customer00166@example.com,2024-10-05,12.77,Single-origin beans 250g,1
ORD000924,customer00106@example.com,2024-10-05,55.59,Pour-over kit,1
ORD002403,customer00400@example.com,2024-10-05,28.73,Cold brew bottle,1
ORD002006,customer00300@example.com,2024-10-05,67.64,Gift set,1
ORD002716,customer00572@example.com,2024-10-05,51.16,Cold brew bottle,2
ORD001605,customer00203@example.com,2024-10-05,39.75,Espresso blend 1kg,1
ORD002011,customer00301@example.com,2024-10-05,185.07,Pour-over kit,4
ORD001956,customer00290@example.com,2024-10-06,16.9,Single-origin beans 250g,1
ORD000748,customer00083@example.com,2024-10-06,40.93,Espresso blend 1kg,1
ORD000926,customer00106@example.com,2024-10-06,139.42,Travel tumbler,4
ORD000879,customer00099@example.com,2024-10-06,52.64,Espresso blend 1kg,1
ORD002844,customer00664@example.com,2024-10-06,30.32,Pour-over kit,1
ORD000517,customer00057@example.com,2024-10-06,58.16,Espresso blend 1kg,1
ORD002109,customer00329@example.com,2024-10-06,136.46,Gift set,2
ORD002157,customer00340@example.com,2024-10-06,29.7,Single-origin beans 250g,2
ORD001361,customer00152@example.com,2024-10-06,84.02,Cold brew bottle,2
ORD002200,customer00350@example.com,2024-10-06,54.69,Gift set,1
ORD001012,customer00115@example.com,2024-10-06,55.14,Espresso blend 1kg,1
ORD002310,customer00374@example.com,2024-10-06,16.34,Single-origin beans 250g,1
ORD002769,customer00612@example.com,2024-10-06,168.24,Gift set,3
ORD000352,customer00040@example.com,2024-10-06,128.27,Pour-over kit,3
ORD001533,customer00185@example.com,2024-10-06,61.39,Espresso blend 1kg,2
ORD000420,customer00047@example.com,2024-10-06,43.05,Espresso blend 1kg,1
ORD001985,customer00296@example.com,2024-10-07,37.15,Espresso blend 1kg,1
ORD002141,customer00337@example.com,2024-10-07,29.79,Cold brew bottle,1
ORD002390,customer00397@example.com,2024-10-07,20.46,Cold brew bottle,1
ORD002142,customer00337@example.com,2024-10-07,32.6,Pour-over kit,1
ORD000279,customer00033@example.com,2024-10-07,50.18,Espresso blend 1kg,1
ORD000299,customer00034@example.com,2024-10-07,65.48,Travel tumbler,2
ORD001847,customer00267@example.com,2024-10-08,69.86,Gift set,1
ORD002437,customer00408@example.com,2024-10-08,31.67,Cold brew bottle,1
ORD001502,customer00177@example.com,2024-10-08,134.91,Gift set,2
ORD002510,customer00428@example.com,2024-10-08,42.18,Pour-over kit,1
ORD001570,customer00195@example.com,2024-10-08,39.22,Pour-over kit,1
ORD001539,customer00186@example.com,2024-10-08,62.68,Gift set,1
ORD001013,customer00115@example.com,2024-10-08,17.33,Single-origin beans 250g,1
ORD000136,customer00016@example.com,2024-10-08,99.03,Gift set,1
ORD002015,customer00302@example.com,2024-10-09,14.81,Ceramic mug,1
ORD001957,customer00290@example.com,2024-10-09,57.16,Single-origin beans 250g,4
ORD000847,customer00095@example.com,2024-10-09,63.39,Espresso blend 1kg,1
ORD001700,customer00231@example.com,2024-10-09,77.81,Gift set,1
ORD002348,customer00385@example.com,2024-10-09,25.64,Cold brew bottle,1
ORD001606,customer00204@example.com,2024-10-09,42.77,Pour-over kit,1
ORD002501,customer00425@example.com,2024-10-09,22.62,Cold brew bottle,1
ORD001665,customer00220@example.com,2024-10-09,15.49,Ceramic mug,1
ORD000006,customer00001@example.com,2024-10-09,204.98,Pour-over kit,4
ORD000007,customer00001@example.com,2024-10-09,53.05,Espresso blend 1kg,1
ORD001510,customer00180@example.com,2024-10-09,37.7,Espresso blend 1kg,1
ORD000476,customer00053@example.com,2024-10-09,32.74,Travel tumbler,1
ORD001740,customer00240@example.com,2024-10-09,35.17,Espresso blend 1kg,1
ORD001491,customer00175@example.com,2024-10-10,55.72,Cold brew bottle,2
ORD001572,customer00196@example.com,2024-10-10,17.59,Ceramic mug,1
ORD001903,customer00279@example.com,2024-10-10,140.47,Gift set,2
ORD001466,customer00171@example.com,2024-10-10,72.01,Espresso blend 1kg,2
ORD001913,customer00281@example.com,2024-10-10,19.41,Single-origin beans 250g,1
ORD000024,customer00003@example.com,2024-10-10,79.74,Gift set,1
ORD002796,customer00630@example.com,2024-10-10,20.1,Travel tumbler,1
ORD002243,customer00359@example.com,2024-10-10,66.68,Gift set,1
ORD000900,customer00102@example.com,2024-10-10,189.78,Gift set,2
ORD002518,customer00430@example.com,2024-10-10,42.19,Espresso blend 1kg,1
ORD001884,customer00276@example.com,2024-10-10,68.0,Cold brew bottle,2
ORD001237,customer00139@example.com,2024-10-10,84.01,Gift set,1
ORD002476,customer00418@example.com,2024-10-11,21.29,Cold brew bottle,1
ORD001988,customer00297@example.com,2024-10-11,27.6,Single-origin beans 250g,2
ORD000726,customer00081@example.com,2024-10-11,165.88,Espresso blend 1kg,3
ORD000977,customer00111@example.com,2024-10-11,35.06,Single-origin beans 250g,2
ORD000871,customer00098@example.com,2024-10-11,46.28,Single-origin beans 250g,2
ORD001586,customer00199@example.com,2024-10-11,91.37,Travel tumbler,5
ORD000880,customer00099@example.com,2024-10-11,58.25,Pour-over kit,1
ORD002224,customer00355@example.com,2024-10-12,17.85,Ceramic mug,1
ORD001573,customer00196@example.com,2024-10-12,78.63,Espresso blend 1kg,2
ORD002210,customer00352@example.com,2024-10-12,72.01,Gift set,1
ORD000338,customer00039@example.com,2024-10-12,77.9,Gift set,1
ORD002383,customer00396@example.com,2024-10-12,66.66,Gift set,1
ORD001194,customer00133@example.com,2024-10-12,20.6,Single-origin beans 250g,1
ORD000961,customer00110@example.com,2024-10-12,26.05,Ceramic mug,1
ORD001407,customer00159@example.com,2024-10-12,184.83,Gift set,2
ORD002133,customer00335@example.com,2024-10-12,30.71,Travel tumbler,2
ORD001469,customer00171@example.com,2024-10-12,40.74,Espresso blend 1kg,1
ORD001467,customer00171@example.com,2024-10-12,21.94,Travel tumbler,1
ORD001692,customer00229@example.com,2024-10-12,55.58,Cold brew bottle,2
ORD000572,customer00064@example.com,2024-10-12,91.19,Gift set,1
ORD001644,customer00215@example.com,2024-10-12,82.42,Travel tumbler,3
ORD000239,customer00028@example.com,2024-10-12,116.73,Gift set,1
ORD000596,customer00066@example.com,2024-10-12,46.04,Cold brew bottle,1
ORD001362,customer00152@example.com,2024-10-12,19.71,Ceramic mug,1
ORD000927,customer00106@example.com,2024-10-12,269.2,Gift set,3
ORD001468,customer00171@example.com,2024-10-12,27.45,Travel tumbler,1
ORD002158,customer00340@example.com,2024-10-13,21.12,Cold brew bottle,1
ORD002290,customer00370@example.com,2024-10-13,72.07,Gift set,1
ORD002757,customer00603@example.com,2024-10-13,63.12,Cold brew bottle,3
ORD000573,customer00064@example.com,2024-10-13,89.75,Espresso blend 1kg,2
ORD002218,customer00353@example.com,2024-10-13,63.46,Gift set,1
ORD001998,customer00299@example.com,2024-10-13,115.88,Espresso blend 1kg,3
ORD001053,customer00119@example.com,2024-10-13,48.63,Cold brew bottle,1
ORD001896,customer00278@example.com,2024-10-13,62.15,Gift set,1
ORD000117,customer00014@example.com,2024-10-13,259.52,Gift set,3
ORD002438,customer00408@example.com,2024-10-13,49.09,Pour-over kit,1
ORD001574,customer00196@example.com,2024-10-13,78.18,Gift set,1
ORD000212,customer00025@example.com,2024-10-13,179.47,Gift set,2
ORD001159,customer00130@example.com,2024-10-13,33.58,Cold brew bottle,1
ORD001471,customer00171@example.com,2024-10-13,33.51,Single-origin beans 250g,2
ORD002698,customer00558@example.com,2024-10-13,21.84,Cold brew bottle,1
ORD001670,customer00222@example.com,2024-10-14,37.06,Espresso blend 1kg,1
ORD000401,customer00045@example.com,2024-10-14,20.26,Single-origin beans 250g,1
ORD002022,customer00303@example.com,2024-10-14,65.91,Ceramic mug,3
ORD000640,customer00071@example.com,2024-10-14,56.72,Espresso blend 1kg,1
ORD002148,customer00338@example.com,2024-10-14,38.42,Espresso blend 1kg,1
ORD001222,customer00137@example.com,2024-10-14,23.48,Ceramic mug,1
ORD001470,customer00171@example.com,2024-10-14,49.58,Gift set,1
ORD001185,customer00132@example.com,2024-10-14,48.49,Ceramic mug,2
ORD001449,customer00166@example.com,2024-10-14,85.7,Travel tumbler,3
ORD002335,customer00381@example.com,2024-10-14,21.74,Travel tumbler,1
ORD002429,customer00406@example.com,2024-10-14,37.33,Espresso blend 1kg,1
ORD001056,customer00120@example.com,2024-10-14,38.35,Cold brew bottle,1
ORD002376,customer00395@example.com,2024-10-14,33.25,Single-origin beans 250g,2
ORD000568,customer00063@example.com,2024-10-14,28.24,Travel tumbler,1
ORD001831,customer00261@example.com,2024-10-14,52.84,Gift set,1
ORD000186,customer00022@example.com,2024-10-14,73.31,Gift set,1
ORD001221,customer00137@example.com,2024-10-14,31.77,Travel tumbler,1
ORD001014,customer00115@example.com,2024-10-15,170.42,Gift set,2
ORD001693,customer00229@example.com,2024-10-15,46.96,Cold brew bottle,2
ORD001587,customer00199@example.com,2024-10-15,175.2,Gift set,3
ORD001575,customer00196@example.com,2024-10-15,90.38,Pour-over kit,2
ORD002187,customer00347@example.com,2024-10-15,42.54,Espresso blend 1kg,1
ORD001500,customer00176@example.com,2024-10-15,18.84,Ceramic mug,1
ORD001703,customer00232@example.com,2024-10-15,81.03,Gift set,1
ORD001588,customer00199@example.com,2024-10-15,36.19,Ceramic mug,2
ORD002477,customer00418@example.com,2024-10-15,151.15,Gift set,3
ORD001077,customer00121@example.com,2024-10-15,34.96,Cold brew bottle,1
ORD001893,customer00277@example.com,2024-10-15,27.84,Cold brew bottle,1
ORD000811,customer00091@example.com,2024-10-15,337.92,Gift set,4
ORD002424,customer00405@example.com,2024-10-15,36.39,Ceramic mug,2
ORD000137,customer00016@example.com,2024-10-16,75.09,Ceramic mug,3
ORD001403,customer00158@example.com,2024-10-16,123.97,Pour-over kit,2
ORD000138,customer00016@example.com,2024-10-16,35.66,Cold brew bottle,1
ORD002860,customer00674@example.com,2024-10-16,14.33,Single-origin beans 250g,1
ORD001456,customer00167@example.com,2024-10-16,47.12,Pour-over kit,1
ORD000008,customer00001@example.com,2024-10-16,23.08,Ceramic mug,1
ORD000694,customer00077@example.com,2024-10-16,88.73,Travel tumbler,3
ORD001848,customer00267@example.com,2024-10-16,11.2,Single-origin beans 250g,1
ORD000727,customer00081@example.com,2024-10-16,296.4,Gift set,3
ORD000597,customer00066@example.com,2024-10-16,38.24,Cold brew bottle,1
ORD002244,customer00359@example.com,2024-10-16,62.54,Gift set,1
ORD002530,customer00433@example.com,2024-10-16,16.05,Travel tumbler,1
ORD000339,customer00039@example.com,2024-10-16,21.4,Ceramic mug,1
ORD001238,customer00139@example.com,2024-10-16,45.34,Espresso blend 1kg,1
ORD002343,customer00384@example.com,2024-10-16,68.95,Espresso blend 1kg,2
ORD001530,customer00184@example.com,2024-10-16,44.11,Travel tumbler,2
ORD002225,customer00355@example.com,2024-10-16,17.21,Ceramic mug,1
ORD000014,customer00002@example.com,2024-10-16,45.0,Ceramic mug,2
ORD000466,customer00052@example.com,2024-10-16,40.42,Single-origin beans 250g,2
ORD002299,customer00372@example.com,2024-10-17,35.6,Espresso blend 1kg,1
ORD000277,customer00032@example.com,2024-10-17,29.66,Travel tumbler,1
ORD000574,customer00064@example.com,2024-10-17,43.51,Espresso blend 1kg,1
ORD000300,customer00034@example.com,2024-10-17,38.34,Cold brew bottle,1
ORD002264,customer00364@example.com,2024-10-17,93.17,Espresso blend 1kg,3
ORD001676,customer00225@example.com,2024-10-17,35.43,Espresso blend 1kg,1
ORD001922,customer00284@example.com,2024-10-17,41.31,Pour-over kit,1
ORD000962,customer00110@example.com,2024-10-17,41.77,Cold brew bottle,1
ORD001936,customer00287@example.com,2024-10-17,28.69,Cold brew bottle,1
ORD001937,customer00287@example.com,2024-10-17,19.76,Ceramic mug,1
ORD000009,customer00001@example.com,2024-10-17,44.51,Espresso blend 1kg,1
ORD002185,customer00346@example.com,2024-10-17,32.22,Cold brew bottle,1
ORD001576,customer00196@example.com,2024-10-17,83.11,Cold brew bottle,3
ORD002366,customer00390@example.com,2024-10-18,44.79,Espresso blend 1kg,1
ORD002549,customer00447@example.com,2024-10-18,51.61,Gift set,1
ORD002419,customer00404@example.com,2024-10-18,18.31,Single-origin beans 250g,1
ORD002807,customer00640@example.com,2024-10-18,124.53,Espresso blend 1kg,3
ORD001408,customer00159@example.com,2024-10-18,44.11,Espresso blend 1kg,1
ORD001549,customer00190@example.com,2024-10-18,23.88,Cold brew bottle,1
ORD002023,customer00304@example.com,2024-10-18,68.28,Gift set,1
ORD002465,customer00415@example.com,2024-10-18,48.3,Cold brew bottle,2
ORD001816,customer00259@example.com,2024-10-18,23.8,Travel tumbler,1
ORD001555,customer00192@example.com,2024-10-19,69.76,Gift set,1
ORD001269,customer00142@example.com,2024-10-19,35.25,Cold brew bottle,1
ORD001571,customer00195@example.com,2024-10-19,70.85,Espresso blend 1kg,2
ORD000095,customer00011@example.com,2024-10-19,50.2,Pour-over kit,1
ORD002028,customer00306@example.com,2024-10-19,35.25,Espresso blend 1kg,1
ORD001678,customer00226@example.com,2024-10-19,45.67,Gift set,1
ORD002750,customer00596@example.com,2024-10-19,30.68,Espresso blend 1kg,1
ORD000761,customer00085@example.com,2024-10-19,23.39,Single-origin beans 250g,1
ORD002116,customer00331@example.com,2024-10-19,22.68,Travel tumbler,1
ORD001554,customer00191@example.com,2024-10-20,125.61,Espresso blend 1kg,3
ORD002036,customer00307@example.com,2024-10-20,42.79,Espresso blend 1kg,1
ORD000477,customer00053@example.com,2024-10-20,93.54,Cold brew bottle,2
ORD000078,customer00009@example.com,2024-10-20,49.6,Pour-over kit,1
ORD002755,customer00601@example.com,2024-10-20,12.2,Single-origin beans 250g,1
ORD001556,customer00192@example.com,2024-10-20,38.76,Espresso blend 1kg,1
ORD002159,customer00340@example.com,2024-10-20,29.56,Pour-over kit,1
ORD001557,customer00192@example.com,2024-10-20,41.35,Travel tumbler,2
ORD000340,customer00039@example.com,2024-10-20,46.37,Cold brew bottle,1
ORD002483,customer00419@example.com,2024-10-20,16.51,Ceramic mug,1
ORD002318,customer00377@example.com,2024-10-20,37.35,Espresso blend 1kg,1
ORD002250,customer00361@example.com,2024-10-20,69.32,Espresso blend 1kg,2
ORD002311,customer00374@example.com,2024-10-20,64.45,Travel tumbler,3
ORD002226,customer00355@example.com,2024-10-20,38.75,Pour-over kit,1
ORD002105,customer00328@example.com,2024-10-21,54.13,Gift set,1
ORD000440,customer00049@example.com,2024-10-21,17.9,Single-origin beans 250g,1
ORD000598,customer00066@example.com,2024-10-21,110.48,Pour-over kit,2
ORD000929,customer00106@example.com,2024-10-21,44.31,Ceramic mug,2
ORD002459,customer00414@example.com,2024-10-21,36.78,Pour-over kit,1
ORD000928,customer00106@example.com,2024-10-21,22.56,Single-origin beans 250g,1
ORD001709,customer00233@example.com,2024-10-21,170.21,Espresso blend 1kg,4
ORD000227,customer00027@example.com,2024-10-21,23.03,Ceramic mug,1
ORD001694,customer00229@example.com,2024-10-21,35.74,Ceramic mug,2
ORD001137,customer00128@example.com,2024-10-21,30.1,Cold brew bottle,1
ORD001054,customer00119@example.com,2024-10-21,24.96,Travel tumbler,1
ORD002420,customer00404@example.com,2024-10-21,31.67,Espresso blend 1kg,1
ORD002088,customer00323@example.com,2024-10-21,41.37,Pour-over kit,1
ORD002850,customer00668@example.com,2024-10-22,55.55,Cold brew bottle,2
ORD000220,customer00026@example.com,2024-10-22,54.08,Pour-over kit,1
ORD002251,customer00361@example.com,2024-10-22,20.64,Ceramic mug,1
ORD001417,customer00160@example.com,2024-10-22,54.26,Espresso blend 1kg,1
ORD001270,customer00142@example.com,2024-10-22,97.4,Gift set,1
ORD001786,customer00251@example.com,2024-10-22,70.34,Gift set,1
ORD001421,customer00161@example.com,2024-10-22,23.35,Ceramic mug,1
ORD002134,customer00335@example.com,2024-10-22,37.91,Espresso blend 1kg,1
ORD001948,customer00289@example.com,2024-10-22,92.71,Travel tumbler,3
ORD000776,customer00086@example.com,2024-10-22,45.28,Espresso blend 1kg,1
ORD001138,customer00128@example.com,2024-10-22,61.28,Travel tumbler,2
ORD002445,customer00410@example.com,2024-10-23,85.13,Travel tumbler,3
ORD001350,customer00151@example.com,2024-10-23,38.93,Cold brew bottle,1
ORD002525,customer00431@example.com,2024-10-23,52.12,Cold brew bottle,2
ORD000993,customer00113@example.com,2024-10-23,61.56,Travel tumbler,2
ORD001232,customer00138@example.com,2024-10-23,94.31,Pour-over kit,2
ORD001239,customer00139@example.com,2024-10-23,54.06,Pour-over kit,1
ORD000010,customer00001@example.com,2024-10-23,107.61,Espresso blend 1kg,2
ORD000259,customer00030@example.com,2024-10-23,21.65,Ceramic mug,1
ORD001580,customer00197@example.com,2024-10-23,32.73,Single-origin beans 250g,2
ORD001271,customer00142@example.com,2024-10-23,21.03,Single-origin beans 250g,1
ORD001422,customer00161@example.com,2024-10-23,29.74,Travel tumbler,1
ORD000478,customer00053@example.com,2024-10-23,21.31,Single-origin beans 250g,1
ORD002516,customer00429@example.com,2024-10-23,15.97,Ceramic mug,1
ORD000641,customer00071@example.com,2024-10-23,61.84,Pour-over kit,1
ORD002571,customer00461@example.com,2024-10-23,57.03,Pour-over kit,2
ORD000575,customer00064@example.com,2024-10-23,89.55,Gift set,1
ORD002110,customer00329@example.com,2024-10-23,117.4,Gift set,2
ORD001339,customer00150@example.com,2024-10-24,104.79,Espresso blend 1kg,2
ORD002640,customer00511@example.com,2024-10-24,57.82,Gift set,1
ORD001849,customer00267@example.com,2024-10-24,83.38,Pour-over kit,2
ORD001662,customer00219@example.com,2024-10-24,32.26,Espresso blend 1kg,1
ORD002349,customer00385@example.com,2024-10-24,16.59,Single-origin beans 250g,1
ORD000668,customer00074@example.com,2024-10-24,95.55,Espresso blend 1kg,2
ORD000684,customer00076@example.com,2024-10-24,94.59,Gift set,1
ORD000930,customer00106@example.com,2024-10-24,235.37,Pour-over kit,4
ORD000402,customer00045@example.com,2024-10-25,88.46,Gift set,1
ORD001057,customer00120@example.com,2024-10-25,25.51,Ceramic mug,1
ORD000506,customer00056@example.com,2024-10-25,35.75,Cold brew bottle,1
ORD002421,customer00404@example.com,2024-10-25,16.02,Single-origin beans 250g,1
ORD002084,customer00322@example.com,2024-10-25,22.85,Travel tumbler,1
ORD002456,customer00413@example.com,2024-10-26,17.75,Ceramic mug,1
ORD001776,customer00248@example.com,2024-10-26,24.09,Travel tumbler,1
ORD001363,customer00152@example.com,2024-10-26,73.47,Gift set,1
ORD000240,customer00028@example.com,2024-10-26,77.33,Gift set,1
ORD001204,customer00134@example.com,2024-10-26,24.51,Ceramic mug,1
ORD002201,customer00350@example.com,2024-10-26,63.32,Gift set,1
ORD000647,customer00072@example.com,2024-10-26,21.72,Single-origin beans 250g,1
ORD000762,customer00085@example.com,2024-10-26,86.28,Gift set,1
ORD000790,customer00088@example.com,2024-10-26,29.63,Travel tumbler,1
ORD000642,customer00071@example.com,2024-10-26,21.94,Single-origin beans 250g,1
ORD001058,customer00120@example.com,2024-10-26,17.45,Single-origin beans 250g,1
ORD001039,customer00117@example.com,2024-10-26,105.0,Travel tumbler,4
ORD002411,customer00401@example.com,2024-10-26,11.0,Single-origin beans 250g,1
ORD002057,customer00315@example.com,2024-10-26,51.14,Ceramic mug,3
ORD001999,customer00299@example.com,2024-10-26,27.7,Cold brew bottle,1
ORD000441,customer00049@example.com,2024-10-27,59.38,Pour-over kit,1
ORD001423,customer00161@example.com,2024-10-27,20.89,Single-origin beans 250g,1
ORD002422,customer00404@example.com,2024-10-27,70.51,Espresso blend 1kg,2
ORD001695,customer00229@example.com,2024-10-27,16.85,Ceramic mug,1
ORD001911,customer00280@example.com,2024-10-27,59.96,Ceramic mug,3
ORD002211,customer00352@example.com,2024-10-27,85.94,Espresso blend 1kg,2
ORD001607,customer00204@example.com,2024-10-27,28.06,Cold brew bottle,1
ORD002227,customer00355@example.com,2024-10-27,39.44,Espresso blend 1kg,1
ORD001486,customer00174@example.com,2024-10-27,26.14,Single-origin beans 250g,2
ORD002519,customer00430@example.com,2024-10-27,134.7,Espresso blend 1kg,3
ORD002528,customer00432@example.com,2024-10-27,37.78,Espresso blend 1kg,1
ORD002180,customer00344@example.com,2024-10-28,137.29,Gift set,2
ORD001675,customer00224@example.com,2024-10-28,23.85,Travel tumbler,1
ORD000442,customer00049@example.com,2024-10-28,49.55,Espresso blend 1kg,1
ORD000763,customer00085@example.com,2024-10-28,39.12,Espresso blend 1kg,1
ORD002848,customer00667@example.com,2024-10-28,24.21,Cold brew bottle,1
ORD000228,customer00027@example.com,2024-10-28,112.52,Ceramic mug,5
ORD001424,customer00161@example.com,2024-10-28,119.71,Pour-over kit,2
ORD002657,customer00525@example.com,2024-10-28,25.82,Espresso blend 1kg,1
ORD000241,customer00028@example.com,2024-10-28,69.64,Cold brew bottle,2
ORD000931,customer00106@example.com,2024-10-28,23.79,Ceramic mug,1
ORD000599,customer00066@example.com,2024-10-29,208.49,Pour-over kit,4
ORD001059,customer00120@example.com,2024-10-29,22.16,Single-origin beans 250g,1
ORD000342,customer00039@example.com,2024-10-29,82.61,Gift set,1
ORD000341,customer00039@example.com,2024-10-29,54.66,Espresso blend 1kg,1
ORD000221,customer00026@example.com,2024-10-29,467.84,Gift set,5
ORD002256,customer00362@example.com,2024-10-29,71.12,Espresso blend 1kg,2
ORD001779,customer00249@example.com,2024-10-29,37.88,Pour-over kit,1
ORD001425,customer00161@example.com,2024-10-29,159.51,Pour-over kit,3
ORD002577,customer00464@example.com,2024-10-29,18.8,Travel tumbler,1
ORD000229,customer00027@example.com,2024-10-29,30.44,Travel tumbler,1
ORD001609,customer00205@example.com,2024-10-29,44.28,Pour-over kit,1
ORD001484,customer00173@example.com,2024-10-29,73.65,Gift set,1
ORD002248,customer00360@example.com,2024-10-29,41.75,Travel tumbler,2
ORD002635,customer00508@example.com,2024-10-29,103.82,Gift set,2
ORD002811,customer00643@example.com,2024-10-30,30.09,Pour-over kit,1
ORD000421,customer00047@example.com,2024-10-30,31.58,Cold brew bottle,1
ORD000576,customer00064@example.com,2024-10-30,53.99,Single-origin beans 250g,3
ORD002293,customer00371@example.com,2024-10-30,27.67,Cold brew bottle,1
ORD001060,customer00120@example.com,2024-10-30,18.46,Single-origin beans 250g,1
ORD002336,customer00381@example.com,2024-10-30,135.18,Gift set,2
ORD000963,customer00110@example.com,2024-10-30,35.9,Cold brew bottle,1
ORD002352,customer00387@example.com,2024-10-30,56.97,Gift set,1
ORD002360,customer00388@example.com,2024-10-30,12.86,Single-origin beans 250g,1
ORD002026,customer00305@example.com,2024-10-30,15.41,Single-origin beans 250g,1
ORD001521,customer00182@example.com,2024-10-30,78.15,Espresso blend 1kg,2
ORD001195,customer00133@example.com,2024-10-30,62.63,Travel tumbler,2
ORD001340,customer00150@example.com,2024-10-30,59.98,Espresso blend 1kg,1
ORD000857,customer00096@example.com,2024-10-30,51.37,Pour-over kit,1
ORD001394,customer00157@example.com,2024-10-30,38.27,Travel tumbler,1
ORD001897,customer00278@example.com,2024-10-31,22.08,Cold brew bottle,1
ORD001018,customer00116@example.com,2024-10-31,32.43,Travel tumbler,1
ORD000101,customer00012@example.com,2024-10-31,34.94,Travel tumbler,1
ORD001869,customer00272@example.com,2024-10-31,179.69,Pour-over kit,4
ORD001862,customer00270@example.com,2024-10-31,22.84,Travel tumbler,1
ORD001850,customer00267@example.com,2024-10-31,33.66,Cold brew bottle,1
ORD000213,customer00025@example.com,2024-10-31,65.0,Cold brew bottle,2
ORD000479,customer00053@example.com,2024-10-31,78.27,Single-origin beans 250g,4
ORD002351,customer00386@example.com,2024-10-31,28.21,Travel tumbler,1
ORD000657,customer00073@example.com,2024-10-31,80.17,Cold brew bottle,2
ORD000764,customer00085@example.com,2024-10-31,67.69,Cold brew bottle,2
ORD001223,customer00137@example.com,2024-10-31,47.13,Single-origin beans 250g,3
ORD001139,customer00128@example.com,2024-10-31,50.89,Pour-over kit,1
ORD002832,customer00657@example.com,2024-10-31,24.41,Single-origin beans 250g,2
ORD000600,customer00066@example.com,2024-10-31,178.66,Espresso blend 1kg,4
ORD001716,customer00235@example.com,2024-11-01,52.5,Travel tumbler,2
ORD003565,customer00794@example.com,2024-11-01,31.71,Espresso blend 1kg,1
ORD000231,customer00027@example.com,2024-11-01,21.64,Ceramic mug,1
ORD000230,customer00027@example.com,2024-11-01,42.86,Single-origin beans 250g,2
ORD000749,customer00083@example.com,2024-11-01,42.19,Single-origin beans 250g,2
ORD001061,customer00120@example.com,2024-11-01,24.69,Ceramic mug,1
ORD001719,customer00236@example.com,2024-11-01,125.97,Pour-over kit,4
ORD002833,customer00658@example.com,2024-11-01,48.52,Single-origin beans 250g,5
ORD003788,customer00898@example.com,2024-11-01,324.12,Gift set,5
ORD001479,customer00172@example.com,2024-11-02,43.39,Ceramic mug,2
ORD002430,customer00406@example.com,2024-11-02,43.0,Travel tumbler,2
ORD002747,customer00593@example.com,2024-11-02,50.62,Gift set,1
ORD002478,customer00418@example.com,2024-11-02,58.63,Ceramic mug,4
ORD001507,customer00179@example.com,2024-11-02,21.5,Cold brew bottle,1
ORD002000,customer00299@example.com,2024-11-02,45.6,Single-origin beans 250g,3
ORD000423,customer00047@example.com,2024-11-02,40.16,Ceramic mug,2
ORD000422,customer00047@example.com,2024-11-02,145.68,Gift set,2
ORD000669,customer00074@example.com,2024-11-02,38.19,Ceramic mug,2
ORD001645,customer00215@example.com,2024-11-02,19.04,Ceramic mug,1
ORD002181,customer00345@example.com,2024-11-02,42.78,Pour-over kit,1
ORD000343,customer00039@example.com,2024-11-02,172.84,Gift set,3
ORD000222,customer00026@example.com,2024-11-02,56.23,Pour-over kit,1
ORD002439,customer00409@example.com,2024-11-02,183.17,Gift set,3
ORD001062,customer00120@example.com,2024-11-02,24.14,Travel tumbler,1
ORD000777,customer00086@example.com,2024-11-02,395.45,Gift set,5
ORD001418,customer00160@example.com,2024-11-03,54.25,Pour-over kit,1
ORD000717,customer00080@example.com,2024-11-03,32.66,Travel tumbler,1
ORD000223,customer00026@example.com,2024-11-03,68.49,Ceramic mug,3
ORD002504,customer00426@example.com,2024-11-03,12.53,Ceramic mug,1
ORD001147,customer00129@example.com,2024-11-03,35.7,Cold brew bottle,1
ORD001187,customer00132@example.com,2024-11-03,62.78,Travel tumbler,2
ORD002531,customer00433@example.com,2024-11-03,29.97,Espresso blend 1kg,1
ORD001299,customer00145@example.com,2024-11-03,114.18,Espresso blend 1kg,2
ORD000848,customer00095@example.com,2024-11-03,69.12,Cold brew bottle,2
ORD001205,customer00134@example.com,2024-11-03,176.98,Gift set,2
ORD002040,customer00308@example.com,2024-11-03,55.2,Cold brew bottle,2
ORD001186,customer00132@example.com,2024-11-03,71.64,Cold brew bottle,2
ORD001598,customer00201@example.com,2024-11-04,153.91,Gift set,2
ORD000480,customer00053@example.com,2024-11-04,44.99,Travel tumbler,2
ORD000518,customer00057@example.com,2024-11-04,33.83,Cold brew bottle,1
ORD003789,customer00898@example.com,2024-11-04,13.96,Ceramic mug,1
ORD000281,customer00033@example.com,2024-11-04,29.65,Travel tumbler,1
ORD001967,customer00292@example.com,2024-11-04,50.49,Cold brew bottle,2
ORD002333,customer00380@example.com,2024-11-04,31.35,Single-origin beans 250g,2
ORD000685,customer00076@example.com,2024-11-04,165.18,Pour-over kit,3
ORD000280,customer00033@example.com,2024-11-04,83.9,Gift set,1
ORD000686,customer00076@example.com,2024-11-04,32.16,Cold brew bottle,1
ORD001063,customer00120@example.com,2024-11-04,28.31,Cold brew bottle,1
ORD000791,customer00088@example.com,2024-11-04,36.43,Cold brew bottle,1
ORD003746,customer00882@example.com,2024-11-04,95.69,Ceramic mug,5
ORD001409,customer00159@example.com,2024-11-04,20.05,Single-origin beans 250g,1
ORD001726,customer00237@example.com,2024-11-05,38.79,Pour-over kit,1
ORD001064,customer00120@example.com,2024-11-05,36.26,Travel tumbler,1
ORD000978,customer00111@example.com,2024-11-05,69.59,Travel tumbler,3
ORD003567,customer00795@example.com,2024-11-05,30.21,Cold brew bottle,1
ORD000318,customer00036@example.com,2024-11-05,22.74,Ceramic mug,1
ORD002199,customer00349@example.com,2024-11-05,19.34,Ceramic mug,1
ORD000750,customer00083@example.com,2024-11-05,30.18,Travel tumbler,1
ORD000242,customer00028@example.com,2024-11-05,60.55,Pour-over kit,1
ORD000113,customer00013@example.com,2024-11-05,56.1,Pour-over kit,1
ORD003693,customer00850@example.com,2024-11-05,60.23,Gift set,1
ORD002093,customer00324@example.com,2024-11-05,102.07,Gift set,2
ORD003655,customer00833@example.com,2024-11-05,17.55,Single-origin beans 250g,1
ORD001981,customer00295@example.com,2024-11-05,15.92,Single-origin beans 250g,1
ORD002767,customer00610@example.com,2024-11-05,40.59,Pour-over kit,1
ORD003786,customer00897@example.com,2024-11-06,37.21,Espresso blend 1kg,1
ORD000765,customer00085@example.com,2024-11-06,32.45,Cold brew bottle,1
ORD001989,customer00297@example.com,2024-11-06,46.53,Cold brew bottle,2
ORD000718,customer00080@example.com,2024-11-06,27.23,Cold brew bottle,1
ORD003677,customer00841@example.com,2024-11-06,249.37,Pour-over kit,5
ORD002727,customer00581@example.com,2024-11-06,10.27,Single-origin beans 250g,1
ORD001450,customer00166@example.com,2024-11-06,96.02,Travel tumbler,4
ORD001874,customer00274@example.com,2024-11-06,35.65,Single-origin beans 250g,2
ORD002774,customer00616@example.com,2024-11-06,12.19,Ceramic mug,1
ORD000011,customer00001@example.com,2024-11-07,145.25,Gift set,2
ORD001851,customer00267@example.com,2024-11-07,18.18,Ceramic mug,1
ORD000283,customer00033@example.com,2024-11-07,25.28,Ceramic mug,1
ORD001140,customer00128@example.com,2024-11-07,36.67,Cold brew bottle,1
ORD001262,customer00141@example.com,2024-11-07,74.68,Cold brew bottle,2
ORD000766,customer00085@example.com,2024-11-07,60.31,Espresso blend 1kg,1
ORD001300,customer00145@example.com,2024-11-07,29.58,Travel tumbler,1
ORD000282,customer00033@example.com,2024-11-07,23.41,Ceramic mug,1
ORD000728,customer00081@example.com,2024-11-07,50.31,Ceramic mug,2
ORD002127,customer00334@example.com,2024-11-07,39.41,Espresso blend 1kg,1
ORD001462,customer00168@example.com,2024-11-07,41.98,Travel tumbler,2
ORD003790,customer00898@example.com,2024-11-07,53.47,Cold brew bottle,2
ORD001581,customer00197@example.com,2024-11-07,30.31,Espresso blend 1kg,1
ORD002353,customer00387@example.com,2024-11-07,40.6,Pour-over kit,1
ORD000368,customer00042@example.com,2024-11-07,46.79,Single-origin beans 250g,3
ORD000643,customer00071@example.com,2024-11-07,78.89,Cold brew bottle,2
ORD002703,customer00562@example.com,2024-11-08,11.36,Ceramic mug,1
ORD000797,customer00089@example.com,2024-11-08,32.05,Cold brew bottle,1
ORD003544,customer00788@example.com,2024-11-08,28.36,Cold brew bottle,1
ORD002079,customer00319@example.com,2024-11-08,62.08,Ceramic mug,3
ORD003791,customer00898@example.com,2024-11-08,83.88,Pour-over kit,2
ORD001804,customer00255@example.com,2024-11-08,66.31,Gift set,1
ORD003631,customer00825@example.com,2024-11-08,72.17,Gift set,1
ORD002354,customer00387@example.com,2024-11-08,30.5,Cold brew bottle,1
ORD003697,customer00852@example.com,2024-11-08,59.29,Ceramic mug,3
ORD000079,customer00009@example.com,2024-11-09,50.95,Espresso blend 1kg,1
ORD003531,customer00780@example.com,2024-11-09,38.59,Espresso blend 1kg,1
ORD001634,customer00213@example.com,2024-11-09,15.61,Single-origin beans 250g,1
ORD000443,customer00049@example.com,2024-11-09,113.68,Pour-over kit,2
ORD003609,customer00817@example.com,2024-11-09,26.75,Cold brew bottle,1
ORD001426,customer00161@example.com,2024-11-09,32.54,Travel tumbler,1
ORD003608,customer00817@example.com,2024-11-09,62.19,Gift set,1
ORD002136,customer00336@example.com,2024-11-09,16.3,Ceramic mug,1
ORD003730,customer00874@example.com,2024-11-09,66.64,Gift set,1
ORD000767,customer00085@example.com,2024-11-09,46.94,Pour-over kit,1
ORD002625,customer00499@example.com,2024-11-09,41.49,Travel tumbler,2
ORD001160,customer00130@example.com,2024-11-09,43.47,Espresso blend 1kg,1
ORD001065,customer00120@example.com,2024-11-09,72.17,Gift set,1
ORD000670,customer00074@example.com,2024-11-09,33.76,Travel tumbler,1
ORD002202,customer00350@example.com,2024-11-09,196.74,Pour-over kit,5
ORD002486,customer00420@example.com,2024-11-10,37.67,Espresso blend 1kg,1
ORD002371,customer00393@example.com,2024-11-10,84.97,Pour-over kit,2
ORD000012,customer00001@example.com,2024-11-10,21.53,Ceramic mug,1
ORD001652,customer00217@example.com,2024-11-10,15.52,Single-origin beans 250g,1
ORD002322,customer00378@example.com,2024-11-10,52.88,Gift set,1
ORD003623,customer00823@example.com,2024-11-10,38.05,Pour-over kit,1
ORD003617,customer00821@example.com,2024-11-10,69.43,Gift set,1
ORD001610,customer00205@example.com,2024-11-10,12.58,Single-origin beans 250g,1
ORD003602,customer00815@example.com,2024-11-10,52.98,Gift set,1
ORD002073,customer00318@example.com,2024-11-10,37.24,Espresso blend 1kg,1
ORD000319,customer00036@example.com,2024-11-11,81.76,Gift set,1
ORD003689,customer00847@example.com,2024-11-11,91.93,Pour-over kit,2
ORD002118,customer00332@example.com,2024-11-11,37.94,Espresso blend 1kg,1
ORD000932,customer00106@example.com,2024-11-11,186.5,Gift set,2
ORD002794,customer00628@example.com,2024-11-11,78.28,Espresso blend 1kg,3
ORD003642,customer00828@example.com,2024-11-11,136.15,Espresso blend 1kg,4
ORD002418,customer00403@example.com,2024-11-11,69.62,Gift set,1
ORD000769,customer00085@example.com,2024-11-11,84.24,Gift set,1
ORD000768,customer00085@example.com,2024-11-11,141.25,Ceramic mug,5
ORD002166,customer00342@example.com,2024-11-11,41.7,Pour-over kit,1
ORD001745,customer00241@example.com,2024-11-11,64.77,Gift set,1
ORD000102,customer00012@example.com,2024-11-11,20.49,Single-origin beans 250g,1
ORD003652,customer00832@example.com,2024-11-12,15.98,Ceramic mug,1
ORD000658,customer00073@example.com,2024-11-12,35.57,Cold brew bottle,1
ORD000103,customer00012@example.com,2024-11-12,66.3,Cold brew bottle,2
ORD000481,customer00053@example.com,2024-11-12,38.32,Travel tumbler,1
ORD002271,customer00366@example.com,2024-11-12,70.47,Travel tumbler,3
ORD000933,customer00106@example.com,2024-11-12,28.69,Travel tumbler,1
ORD000934,customer00106@example.com,2024-11-12,119.34,Cold brew bottle,3
ORD002355,customer00387@example.com,2024-11-12,98.73,Espresso blend 1kg,3
ORD002661,customer00529@example.com,2024-11-12,99.41,Gift set,2
ORD001731,customer00238@example.com,2024-11-13,16.49,Travel tumbler,1
ORD001427,customer00161@example.com,2024-11-13,93.53,Gift set,1
ORD000467,customer00052@example.com,2024-11-13,57.15,Pour-over kit,1
ORD001697,customer00230@example.com,2024-11-13,19.39,Ceramic mug,1
ORD002708,customer00567@example.com,2024-11-13,222.52,Gift set,5
ORD001857,customer00268@example.com,2024-11-13,77.81,Espresso blend 1kg,2
ORD003772,customer00893@example.com,2024-11-13,37.89,Pour-over kit,1
ORD002446,customer00410@example.com,2024-11-13,39.6,Espresso blend 1kg,1
ORD000837,customer00094@example.com,2024-11-13,175.45,Gift set,2
ORD001971,customer00293@example.com,2024-11-13,127.52,Travel tumbler,5
ORD002578,customer00464@example.com,2024-11-13,28.16,Pour-over kit,1
ORD001463,customer00169@example.com,2024-11-14,208.34,Gift set,3
ORD001161,customer00130@example.com,2024-11-14,67.99,Travel tumbler,2
ORD002223,customer00354@example.com,2024-11-14,61.13,Cold brew bottle,2
ORD001428,customer00161@example.com,2024-11-14,125.19,Pour-over kit,2
ORD000979,customer00111@example.com,2024-11-14,35.46,Travel tumbler,1
ORD002205,customer00351@example.com,2024-11-14,27.46,Cold brew bottle,1
ORD002323,customer00378@example.com,2024-11-14,127.17,Cold brew bottle,4
ORD003694,customer00850@example.com,2024-11-14,39.73,Ceramic mug,2
ORD002027,customer00305@example.com,2024-11-14,38.37,Pour-over kit,1
ORD000858,customer00096@example.com,2024-11-14,19.87,Single-origin beans 250g,1
ORD003545,customer00788@example.com,2024-11-15,18.76,Travel tumbler,1
ORD002119,customer00332@example.com,2024-11-15,91.44,Travel tumbler,4
ORD000353,customer00040@example.com,2024-11-15,40.16,Espresso blend 1kg,1
ORD001625,customer00210@example.com,2024-11-15,27.96,Travel tumbler,1
ORD000344,customer00039@example.com,2024-11-15,66.14,Gift set,1
ORD001747,customer00242@example.com,2024-11-15,126.29,Gift set,2
ORD001511,customer00180@example.com,2024-11-15,16.15,Single-origin beans 250g,1
ORD000601,customer00066@example.com,2024-11-15,50.88,Espresso blend 1kg,1
ORD001653,customer00217@example.com,2024-11-15,210.65,Pour-over kit,5
ORD002707,customer00566@example.com,2024-11-15,58.05,Gift set,1
ORD003721,customer00871@example.com,2024-11-16,152.42,Espresso blend 1kg,5
ORD001280,customer00143@example.com,2024-11-16,65.71,Gift set,1
ORD003731,customer00874@example.com,2024-11-16,29.93,Cold brew bottle,1
ORD001410,customer00159@example.com,2024-11-16,24.6,Ceramic mug,1
ORD001224,customer00137@example.com,2024-11-16,20.6,Single-origin beans 250g,1
ORD000828,customer00093@example.com,2024-11-16,53.73,Pour-over kit,1
ORD002152,customer00339@example.com,2024-11-16,54.11,Gift set,1
ORD000433,customer00048@example.com,2024-11-16,61.03,Pour-over kit,1
ORD003757,customer00887@example.com,2024-11-16,55.76,Gift set,1
ORD001436,customer00162@example.com,2024-11-16,52.94,Pour-over kit,1
ORD001196,customer00133@example.com,2024-11-16,42.75,Espresso blend 1kg,1
ORD000907,customer00103@example.com,2024-11-16,49.96,Travel tumbler,2
ORD000648,customer00072@example.com,2024-11-16,208.25,Gift set,2
ORD000482,customer00053@example.com,2024-11-16,32.17,Travel tumbler,1
ORD002529,customer00432@example.com,2024-11-16,25.32,Travel tumbler,1
ORD003507,customer00770@example.com,2024-11-16,113.91,Gift set,2
ORD002332,customer00379@example.com,2024-11-16,67.47,Single-origin beans 250g,4
ORD002001,customer00299@example.com,2024-11-16,65.17,Gift set,1
ORD000091,customer00010@example.com,2024-11-16,40.72,Cold brew bottle,1
ORD003611,customer00817@example.com,2024-11-16,154.64,Espresso blend 1kg,4
ORD001845,customer00266@example.com,2024-11-16,16.68,Ceramic mug,1
ORD000214,customer00025@example.com,2024-11-16,22.56,Ceramic mug,1
ORD003624,customer00823@example.com,2024-11-16,40.77,Pour-over kit,1
ORD003610,customer00817@example.com,2024-11-16,135.1,Gift set,2
ORD000307,customer00035@example.com,2024-11-16,38.29,Cold brew bottle,1
ORD000301,customer00034@example.com,2024-11-16,24.43,Single-origin beans 250g,1
ORD001364,customer00152@example.com,2024-11-17,68.13,Gift set,1
ORD002395,customer00399@example.com,2024-11-17,54.55,Gift set,1
ORD003653,customer00832@example.com,2024-11-17,20.83,Travel tumbler,1
ORD002693,customer00553@example.com,2024-11-17,58.5,Gift set,1
ORD001289,customer00144@example.com,2024-11-17,74.7,Travel tumbler,2
ORD000118,customer00014@example.com,2024-11-17,48.23,Single-origin beans 250g,2
ORD001429,customer00161@example.com,2024-11-17,46.53,Ceramic mug,2
ORD001567,customer00194@example.com,2024-11-17,40.27,Pour-over kit,1
ORD001735,customer00239@example.com,2024-11-17,73.99,Espresso blend 1kg,2
ORD000935,customer00106@example.com,2024-11-17,81.32,Gift set,1
ORD003625,customer00823@example.com,2024-11-18,19.67,Ceramic mug,1
ORD002859,customer00673@example.com,2024-11-18,32.35,Pour-over kit,1
ORD000388,customer00044@example.com,2024-11-18,38.29,Ceramic mug,2
ORD001764,customer00246@example.com,2024-11-18,77.02,Espresso blend 1kg,2
ORD000577,customer00064@example.com,2024-11-18,19.96,Ceramic mug,1
ORD001861,customer00269@example.com,2024-11-18,28.79,Single-origin beans 250g,2
ORD001078,customer00121@example.com,2024-11-18,54.46,Espresso blend 1kg,1
ORD003749,customer00884@example.com,2024-11-18,40.37,Pour-over kit,1
ORD003761,customer00888@example.com,2024-11-18,61.38,Gift set,1
ORD000271,customer00031@example.com,2024-11-18,24.22,Single-origin beans 250g,1
ORD002234,customer00356@example.com,2024-11-18,179.85,Pour-over kit,4
ORD000104,customer00012@example.com,2024-11-18,85.22,Single-origin beans 250g,4
ORD001172,customer00131@example.com,2024-11-18,21.94,Single-origin beans 250g,1
ORD002172,customer00343@example.com,2024-11-19,102.57,Pour-over kit,3
ORD003626,customer00823@example.com,2024-11-19,112.71,Cold brew bottle,4
ORD002236,customer00357@example.com,2024-11-19,28.43,Single-origin beans 250g,2
ORD000751,customer00083@example.com,2024-11-19,19.16,Single-origin beans 250g,1
ORD003510,customer00772@example.com,2024-11-19,176.71,Gift set,3
ORD001066,customer00120@example.com,2024-11-19,31.36,Travel tumbler,1
ORD003758,customer00887@example.com,2024-11-19,48.83,Travel tumbler,2
ORD003759,customer00887@example.com,2024-11-19,101.26,Pour-over kit,3
ORD002652,customer00521@example.com,2024-11-19,15.41,Travel tumbler,1
ORD003618,customer00821@example.com,2024-11-19,48.43,Espresso blend 1kg,1
ORD001898,customer00278@example.com,2024-11-19,104.01,Pour-over kit,3
ORD001430,customer00161@example.com,2024-11-19,120.65,Travel tumbler,4
ORD001682,customer00227@example.com,2024-11-19,46.71,Cold brew bottle,2
ORD000504,customer00055@example.com,2024-11-19,23.57,Single-origin beans 250g,1
ORD001582,customer00198@example.com,2024-11-19,92.29,Gift set,3
ORD000547,customer00061@example.com,2024-11-19,49.67,Pour-over kit,1
ORD000634,customer00070@example.com,2024-11-19,35.07,Travel tumbler,1
ORD000507,customer00056@example.com,2024-11-19,78.78,Single-origin beans 250g,4
ORD000119,customer00014@example.com,2024-11-20,44.84,Espresso blend 1kg,1
ORD000013,customer00001@example.com,2024-11-20,171.37,Gift set,2
ORD003774,customer00894@example.com,2024-11-20,16.35,Ceramic mug,1
ORD003751,customer00885@example.com,2024-11-20,20.46,Cold brew bottle,1
ORD002300,customer00372@example.com,2024-11-20,93.67,Travel tumbler,4
ORD001255,customer00140@example.com,2024-11-20,49.08,Ceramic mug,2
ORD000649,customer00072@example.com,2024-11-20,27.03,Ceramic mug,1
ORD000168,customer00020@example.com,2024-11-20,186.36,Pour-over kit,4
ORD001631,customer00212@example.com,2024-11-20,68.64,Gift set,1
ORD000284,customer00033@example.com,2024-11-20,68.06,Travel tumbler,2
ORD000644,customer00071@example.com,2024-11-20,26.13,Ceramic mug,1
ORD000232,customer00027@example.com,2024-11-20,241.27,Gift set,3
ORD000778,customer00086@example.com,2024-11-20,29.17,Travel tumbler,1
ORD002636,customer00508@example.com,2024-11-20,52.68,Gift set,1
ORD000792,customer00088@example.com,2024-11-21,25.72,Travel tumbler,1
ORD001608,customer00204@example.com,2024-11-21,132.36,Gift set,2
ORD002257,customer00362@example.com,2024-11-21,46.11,Espresso blend 1kg,1
ORD001404,customer00158@example.com,2024-11-21,33.4,Travel tumbler,1
ORD002431,customer00406@example.com,2024-11-21,18.86,Single-origin beans 250g,1
ORD003523,customer00777@example.com,2024-11-21,36.86,Espresso blend 1kg,1
ORD001419,customer00160@example.com,2024-11-21,40.68,Espresso blend 1kg,1
ORD001814,customer00258@example.com,2024-11-21,35.52,Espresso blend 1kg,1
ORD000224,customer00026@example.com,2024-11-21,45.95,Ceramic mug,2
ORD003509,customer00771@example.com,2024-11-21,45.99,Single-origin beans 250g,3
ORD000031,customer00004@example.com,2024-11-21,32.09,Travel tumbler,1
ORD001759,customer00245@example.com,2024-11-21,17.79,Travel tumbler,1
ORD003546,customer00788@example.com,2024-11-22,26.03,Travel tumbler,1
ORD003627,customer00823@example.com,2024-11-22,17.36,Ceramic mug,1
ORD000945,customer00107@example.com,2024-11-22,97.27,Gift set,1
ORD002683,customer00546@example.com,2024-11-22,56.6,Gift set,1
ORD000980,customer00111@example.com,2024-11-22,46.44,Espresso blend 1kg,1
ORD001007,customer00114@example.com,2024-11-22,259.16,Gift set,3
ORD002665,customer00533@example.com,2024-11-22,46.86,Single-origin beans 250g,4
ORD000145,customer00017@example.com,2024-11-22,259.89,Espresso blend 1kg,5
ORD000345,customer00039@example.com,2024-11-22,35.63,Single-origin beans 250g,2
ORD003736,customer00877@example.com,2024-11-22,19.05,Single-origin beans 250g,1
ORD000760,customer00084@example.com,2024-11-22,77.42,Ceramic mug,3
ORD003643,customer00828@example.com,2024-11-22,75.9,Gift set,1
ORD003568,customer00795@example.com,2024-11-22,45.48,Pour-over kit,1
ORD001656,customer00218@example.com,2024-11-22,38.62,Espresso blend 1kg,1
ORD003582,customer00804@example.com,2024-11-22,42.01,Pour-over kit,1
ORD003619,customer00821@example.com,2024-11-22,55.86,Gift set,1
ORD001431,customer00161@example.com,2024-11-22,31.35,Travel tumbler,1
ORD002065,customer00317@example.com,2024-11-22,28.06,Cold brew bottle,1
ORD000015,customer00002@example.com,2024-11-23,21.61,Ceramic mug,1
ORD000991,customer00112@example.com,2024-11-23,49.83,Pour-over kit,1
ORD000016,customer00002@example.com,2024-11-23,64.39,Pour-over kit,1
ORD003760,customer00887@example.com,2024-11-23,16.55,Single-origin beans 250g,1
ORD000867,customer00097@example.com,2024-11-23,20.78,Single-origin beans 250g,1
ORD003605,customer00816@example.com,2024-11-23,264.91,Gift set,5
ORD000066,customer00008@example.com,2024-11-23,38.33,Single-origin beans 250g,2
ORD002375,customer00394@example.com,2024-11-23,133.02,Gift set,2
ORD003782,customer00896@example.com,2024-11-23,25.52,Cold brew bottle,1
ORD003708,customer00860@example.com,2024-11-23,63.53,Single-origin beans 250g,5
ORD000770,customer00085@example.com,2024-11-23,43.8,Espresso blend 1kg,1
ORD002291,customer00370@example.com,2024-11-23,34.21,Single-origin beans 250g,2
ORD003792,customer00898@example.com,2024-11-23,79.46,Gift set,1
ORD003650,customer00830@example.com,2024-11-24,54.31,Travel tumbler,2
ORD001807,customer00256@example.com,2024-11-24,58.23,Cold brew bottle,2
ORD001823,customer00260@example.com,2024-11-24,38.54,Pour-over kit,1
ORD003620,customer00821@example.com,2024-11-24,47.78,Pour-over kit,1
ORD003649,customer00830@example.com,2024-11-24,70.43,Gift set,1
ORD002312,customer00375@example.com,2024-11-24,39.41,Pour-over kit,1
ORD001188,customer00132@example.com,2024-11-24,47.64,Single-origin beans 250g,2
ORD002364,customer00389@example.com,2024-11-24,39.26,Espresso blend 1kg,1
ORD003713,customer00864@example.com,2024-11-24,62.05,Pour-over kit,2
ORD003654,customer00832@example.com,2024-11-24,29.65,Single-origin beans 250g,2
ORD002384,customer00396@example.com,2024-11-24,24.99,Cold brew bottle,1
ORD001351,customer00151@example.com,2024-11-24,13.04,Single-origin beans 250g,1
ORD003517,customer00775@example.com,2024-11-24,24.21,Travel tumbler,1
ORD000680,customer00075@example.com,2024-11-24,39.09,Cold brew bottle,1
ORD003500,customer00767@example.com,2024-11-24,40.96,Ceramic mug,2
ORD000451,customer00050@example.com,2024-11-25,56.16,Pour-over kit,1
ORD000964,customer00110@example.com,2024-11-25,87.2,Espresso blend 1kg,2
ORD003571,customer00798@example.com,2024-11-25,74.39,Espresso blend 1kg,2
ORD003578,customer00801@example.com,2024-11-25,34.36,Cold brew bottle,1
ORD003773,customer00893@example.com,2024-11-25,76.34,Espresso blend 1kg,2
ORD003768,customer00891@example.com,2024-11-25,59.63,Single-origin beans 250g,4
ORD000096,customer00011@example.com,2024-11-25,91.07,Espresso blend 1kg,2
ORD003613,customer00818@example.com,2024-11-25,45.99,Pour-over kit,1
ORD000632,customer00069@example.com,2024-11-25,52.32,Espresso blend 1kg,1
ORD001352,customer00151@example.com,2024-11-25,48.83,Espresso blend 1kg,1
ORD001437,customer00162@example.com,2024-11-25,26.57,Single-origin beans 250g,1
ORD001445,customer00164@example.com,2024-11-25,97.84,Pour-over kit,2
ORD002324,customer00378@example.com,2024-11-25,23.88,Cold brew bottle,1
ORD001067,customer00120@example.com,2024-11-25,88.06,Ceramic mug,4
ORD001512,customer00180@example.com,2024-11-25,15.97,Single-origin beans 250g,1
ORD000105,customer00012@example.com,2024-11-26,23.43,Ceramic mug,1
ORD003572,customer00799@example.com,2024-11-26,39.84,Espresso blend 1kg,1
ORD001206,customer00134@example.com,2024-11-26,76.65,Ceramic mug,3
ORD002338,customer00382@example.com,2024-11-26,65.43,Espresso blend 1kg,2
ORD002340,customer00383@example.com,2024-11-26,74.04,Gift set,1
ORD003632,customer00825@example.com,2024-11-26,16.54,Single-origin beans 250g,1
ORD002391,customer00397@example.com,2024-11-26,34.24,Espresso blend 1kg,1
ORD003734,customer00876@example.com,2024-11-26,34.58,Espresso blend 1kg,1
ORD000901,customer00102@example.com,2024-11-26,38.74,Single-origin beans 250g,2
ORD001330,customer00148@example.com,2024-11-26,29.02,Travel tumbler,1
ORD002534,customer00436@example.com,2024-11-26,46.87,Gift set,1
ORD003656,customer00833@example.com,2024-11-26,31.7,Cold brew bottle,1
ORD003709,customer00860@example.com,2024-11-26,14.15,Single-origin beans 250g,1
ORD000687,customer00076@example.com,2024-11-26,59.97,Pour-over kit,1
ORD000525,customer00058@example.com,2024-11-26,61.31,Pour-over kit,1
ORD003560,customer00792@example.com,2024-11-26,20.86,Ceramic mug,1
ORD000671,customer00074@example.com,2024-11-26,100.71,Travel tumbler,4
ORD001841,customer00264@example.com,2024-11-26,22.61,Cold brew bottle,1
ORD003775,customer00894@example.com,2024-11-26,44.77,Pour-over kit,1
ORD002029,customer00306@example.com,2024-11-26,51.39,Pour-over kit,1
ORD000204,customer00024@example.com,2024-11-27,72.17,Gift set,1
ORD001240,customer00139@example.com,2024-11-27,34.07,Cold brew bottle,1
ORD003621,customer00821@example.com,2024-11-27,15.05,Ceramic mug,1
ORD003732,customer00874@example.com,2024-11-27,136.46,Gift set,2
ORD000444,customer00049@example.com,2024-11-27,40.78,Espresso blend 1kg,1
ORD002123,customer00333@example.com,2024-11-27,61.84,Gift set,1
ORD001107,customer00125@example.com,2024-11-27,354.08,Gift set,4
ORD003695,customer00850@example.com,2024-11-27,113.82,Pour-over kit,2
ORD000849,customer00095@example.com,2024-11-27,110.5,Espresso blend 1kg,2
ORD000896,customer00101@example.com,2024-11-27,38.39,Ceramic mug,2
ORD001938,customer00287@example.com,2024-11-27,16.36,Single-origin beans 250g,1
ORD001162,customer00130@example.com,2024-11-27,40.81,Cold brew bottle,1
ORD000330,customer00037@example.com,2024-11-28,69.22,Gift set,1
ORD003640,customer00827@example.com,2024-11-28,27.87,Cold brew bottle,1
ORD001141,customer00128@example.com,2024-11-28,83.49,Gift set,1
ORD002393,customer00398@example.com,2024-11-28,34.77,Ceramic mug,2
ORD003690,customer00847@example.com,2024-11-28,14.91,Ceramic mug,1
ORD000025,customer00003@example.com,2024-11-28,38.5,Cold brew bottle,1
ORD001616,customer00206@example.com,2024-11-28,64.46,Ceramic mug,4
ORD002720,customer00575@example.com,2024-11-28,46.05,Cold brew bottle,2
ORD002101,customer00327@example.com,2024-11-28,45.84,Espresso blend 1kg,1
ORD003506,customer00769@example.com,2024-11-29,34.13,Single-origin beans 250g,2
ORD000097,customer00011@example.com,2024-11-29,22.32,Single-origin beans 250g,1
ORD000569,customer00063@example.com,2024-11-29,48.99,Espresso blend 1kg,1
ORD001015,customer00115@example.com,2024-11-29,16.69,Single-origin beans 250g,1
ORD002553,customer00449@example.com,2024-11-29,51.31,Espresso blend 1kg,2
ORD000719,customer00080@example.com,2024-11-29,24.38,Single-origin beans 250g,1
ORD002412,customer00402@example.com,2024-11-29,16.07,Single-origin beans 250g,1
ORD003687,customer00845@example.com,2024-11-29,132.87,Gift set,2
ORD003542,customer00786@example.com,2024-11-29,158.22,Cold brew bottle,5
ORD001727,customer00237@example.com,2024-11-29,15.08,Single-origin beans 250g,1
ORD003526,customer00778@example.com,2024-11-29,12.78,Single-origin beans 250g,1
ORD001611,customer00205@example.com,2024-11-29,91.72,Pour-over kit,2
ORD003752,customer00885@example.com,2024-11-29,23.88,Single-origin beans 250g,2
ORD000445,customer00049@example.com,2024-11-29,23.48,Ceramic mug,1
ORD000859,customer00096@example.com,2024-11-29,52.5,Espresso blend 1kg,1
ORD003764,customer00890@example.com,2024-11-29,54.14,Single-origin beans 250g,3
ORD001648,customer00216@example.com,2024-11-29,73.66,Gift set,1
ORD003564,customer00793@example.com,2024-11-30,16.59,Ceramic mug,1
ORD000249,customer00029@example.com,2024-11-30,36.35,Cold brew bottle,1
ORD001878,customer00275@example.com,2024-11-30,49.34,Cold brew bottle,2
ORD003588,customer00808@example.com,2024-11-30,33.29,Espresso blend 1kg,1
ORD000635,customer00070@example.com,2024-11-30,56.78,Pour-over kit,1
ORD003661,customer00835@example.com,2024-11-30,40.43,Pour-over kit,1
ORD003518,customer00775@example.com,2024-11-30,73.09,Travel tumbler,3
ORD001048,customer00118@example.com,2024-11-30,182.18,Pour-over kit,3
ORD001919,customer00283@example.com,2024-11-30,36.33,Ceramic mug,2
ORD003606,customer00816@example.com,2024-11-30,75.19,Ceramic mug,4
ORD002030,customer00306@example.com,2024-11-30,29.9,Cold brew bottle,1
ORD003614,customer00818@example.com,2024-11-30,30.95,Cold brew bottle,1
ORD003590,customer00808@example.com,2024-11-30,38.63,Ceramic mug,2
ORD003524,customer00777@example.com,2024-11-30,170.59,Gift set,2
ORD002425,customer00405@example.com,2024-11-30,32.15,Cold brew bottle,1
ORD003763,customer00889@example.com,2024-11-30,38.13,Espresso blend 1kg,1
ORD001148,customer00129@example.com,2024-11-30,17.77,Single-origin beans 250g,1
ORD003783,customer00896@example.com,2024-11-30,24.04,Travel tumbler,1
ORD003776,customer00894@example.com,2024-11-30,15.82,Single-origin beans 250g,1
ORD003583,customer00804@example.com,2024-12-01,66.41,Ceramic mug,3
ORD000720,customer00080@example.com,2024-12-01,65.09,Travel tumbler,2
ORD003597,customer00812@example.com,2024-12-01,26.79,Pour-over kit,1
ORD001612,customer00205@example.com,2024-12-01,51.36,Travel tumbler,2
ORD002031,customer00306@example.com,2024-12-01,107.21,Gift set,2
ORD001808,customer00257@example.com,2024-12-01,42.65,Pour-over kit,1
ORD001623,customer00209@example.com,2024-12-01,61.98,Espresso blend 1kg,2
ORD001272,customer00142@example.com,2024-12-01,92.7,Gift set,1
ORD003702,customer00856@example.com,2024-12-01,25.79,Cold brew bottle,1
ORD003784,customer00896@example.com,2024-12-01,17.01,Ceramic mug,1
ORD000812,customer00091@example.com,2024-12-01,22.08,Single-origin beans 250g,1
ORD003628,customer00823@example.com,2024-12-01,35.09,Espresso blend 1kg,1
ORD003726,customer00873@example.com,2024-12-01,46.41,Pour-over kit,1
ORD001088,customer00122@example.com,2024-12-02,80.3,Ceramic mug,4
ORD003644,customer00828@example.com,2024-12-02,277.28,Gift set,4
ORD000285,customer00033@example.com,2024-12-02,26.58,Travel tumbler,1
ORD002100,customer00326@example.com,2024-12-02,21.22,Ceramic mug,1
ORD001263,customer00141@example.com,2024-12-02,32.81,Travel tumbler,1
ORD000286,customer00033@example.com,2024-12-02,51.32,Pour-over kit,1
ORD001341,customer00150@example.com,2024-12-02,50.4,Espresso blend 1kg,1
ORD003706,customer00859@example.com,2024-12-02,72.01,Travel tumbler,3
ORD003603,customer00815@example.com,2024-12-02,76.38,Cold brew bottle,3
ORD002252,customer00361@example.com,2024-12-03,27.34,Cold brew bottle,1
ORD000446,customer00049@example.com,2024-12-03,15.27,Single-origin beans 250g,1
ORD000798,customer00089@example.com,2024-12-03,48.76,Espresso blend 1kg,1
ORD003737,customer00877@example.com,2024-12-03,37.84,Espresso blend 1kg,1
ORD003533,customer00781@example.com,2024-12-03,18.13,Ceramic mug,1
ORD000950,customer00108@example.com,2024-12-03,49.35,Espresso blend 1kg,1
ORD000548,customer00061@example.com,2024-12-03,75.67,Gift set,1
ORD003589,customer00808@example.com,2024-12-03,17.34,Single-origin beans 250g,1
ORD001506,customer00178@example.com,2024-12-03,14.41,Single-origin beans 250g,1
ORD002447,customer00411@example.com,2024-12-03,96.21,Pour-over kit,2
ORD000017,customer00002@example.com,2024-12-03,121.89,Pour-over kit,2
ORD003566,customer00794@example.com,2024-12-03,91.91,Pour-over kit,2
ORD000130,customer00015@example.com,2024-12-03,23.59,Ceramic mug,1
ORD001019,customer00116@example.com,2024-12-03,27.89,Travel tumbler,1
ORD002491,customer00421@example.com,2024-12-03,37.18,Espresso blend 1kg,1
ORD002682,customer00545@example.com,2024-12-03,107.42,Pour-over kit,3
ORD001613,customer00205@example.com,2024-12-03,44.62,Pour-over kit,1
ORD001120,customer00126@example.com,2024-12-04,153.47,Espresso blend 1kg,3
ORD003765,customer00890@example.com,2024-12-04,24.12,Travel tumbler,1
ORD003766,customer00890@example.com,2024-12-04,51.25,Pour-over kit,1
ORD000288,customer00033@example.com,2024-12-04,73.26,Cold brew bottle,2
ORD000287,customer00033@example.com,2024-12-04,143.26,Pour-over kit,3
ORD002579,customer00465@example.com,2024-12-04,45.66,Cold brew bottle,2
ORD003646,customer00829@example.com,2024-12-04,26.99,Cold brew bottle,1
ORD003754,customer00886@example.com,2024-12-04,33.74,Cold brew bottle,1
ORD003723,customer00872@example.com,2024-12-04,62.49,Cold brew bottle,2
ORD001395,customer00157@example.com,2024-12-04,37.95,Cold brew bottle,1
ORD000793,customer00088@example.com,2024-12-04,39.69,Cold brew bottle,1
ORD003716,customer00867@example.com,2024-12-04,13.26,Ceramic mug,1
ORD001094,customer00123@example.com,2024-12-04,20.94,Single-origin beans 250g,1
ORD000729,customer00081@example.com,2024-12-04,78.56,Single-origin beans 250g,3
ORD003501,customer00767@example.com,2024-12-05,18.65,Single-origin beans 250g,1
ORD003574,customer00799@example.com,2024-12-05,14.77,Single-origin beans 250g,1
ORD003665,customer00837@example.com,2024-12-05,25.67,Cold brew bottle,1
ORD003573,customer00799@example.com,2024-12-05,17.39,Single-origin beans 250g,1
ORD002041,customer00309@example.com,2024-12-05,32.85,Pour-over kit,1
ORD003778,customer00895@example.com,2024-12-05,26.34,Travel tumbler,1
ORD002061,customer00316@example.com,2024-12-05,76.01,Cold brew bottle,3
ORD001713,customer00234@example.com,2024-12-06,38.47,Pour-over kit,1
ORD000098,customer00011@example.com,2024-12-06,32.34,Travel tumbler,1
ORD000424,customer00047@example.com,2024-12-06,43.29,Ceramic mug,2
ORD003755,customer00886@example.com,2024-12-06,35.65,Espresso blend 1kg,1
ORD002627,customer00500@example.com,2024-12-06,60.39,Ceramic mug,4
ORD002558,customer00452@example.com,2024-12-06,13.63,Cold brew bottle,1
ORD001241,customer00139@example.com,2024-12-06,83.94,Gift set,1
ORD003748,customer00883@example.com,2024-12-06,85.33,Espresso blend 1kg,2
ORD003519,customer00775@example.com,2024-12-06,56.11,Gift set,1
ORD003612,customer00817@example.com,2024-12-06,51.58,Travel tumbler,2
ORD003511,customer00772@example.com,2024-12-06,19.13,Travel tumbler,1
ORD003756,customer00886@example.com,2024-12-06,60.29,Ceramic mug,3
ORD003794,customer00900@example.com,2024-12-06,18.65,Single-origin beans 250g,1
ORD003498,customer00766@example.com,2024-12-07,41.08,Single-origin beans 250g,3
ORD000067,customer00008@example.com,2024-12-07,22.94,Ceramic mug,1
ORD000178,customer00021@example.com,2024-12-07,24.16,Ceramic mug,1
ORD001387,customer00156@example.com,2024-12-07,262.05,Gift set,3
ORD003592,customer00810@example.com,2024-12-07,49.2,Cold brew bottle,2
ORD001233,customer00138@example.com,2024-12-07,60.34,Pour-over kit,1
ORD002603,customer00485@example.com,2024-12-07,40.23,Travel tumbler,2
ORD003735,customer00876@example.com,2024-12-07,192.05,Gift set,3
ORD001320,customer00147@example.com,2024-12-07,48.44,Pour-over kit,1
ORD003593,customer00811@example.com,2024-12-07,25.88,Cold brew bottle,1
ORD002499,customer00424@example.com,2024-12-07,33.0,Espresso blend 1kg,1
ORD000531,customer00059@example.com,2024-12-07,50.98,Espresso blend 1kg,1
ORD003591,customer00809@example.com,2024-12-07,41.14,Pour-over kit,1
ORD003662,customer00835@example.com,2024-12-07,28.99,Single-origin beans 250g,2
ORD003688,customer00846@example.com,2024-12-07,46.97,Ceramic mug,2
ORD001411,customer00159@example.com,2024-12-07,29.45,Cold brew bottle,1
ORD003700,customer00854@example.com,2024-12-07,80.64,Pour-over kit,2
ORD003657,customer00834@example.com,2024-12-07,34.41,Espresso blend 1kg,1
ORD003704,customer00858@example.com,2024-12-08,21.92,Cold brew bottle,1
ORD003780,customer00895@example.com,2024-12-08,73.25,Single-origin beans 250g,4
ORD001933,customer00286@example.com,2024-12-08,52.78,Pour-over kit,1
ORD002771,customer00613@example.com,2024-12-08,35.0,Espresso blend 1kg,1
ORD001301,customer00145@example.com,2024-12-08,61.2,Espresso blend 1kg,1
ORD000519,customer00057@example.com,2024-12-08,25.87,Ceramic mug,1
ORD001242,customer00139@example.com,2024-12-08,63.96,Pour-over kit,1
ORD002369,customer00392@example.com,2024-12-08,15.47,Ceramic mug,1
ORD000872,customer00098@example.com,2024-12-08,66.57,Pour-over kit,1
ORD003767,customer00890@example.com,2024-12-08,22.52,Travel tumbler,1
ORD001189,customer00132@example.com,2024-12-08,50.18,Single-origin beans 250g,2
ORD003543,customer00787@example.com,2024-12-08,67.67,Cold brew bottle,2
ORD003779,customer00895@example.com,2024-12-08,30.07,Single-origin beans 250g,2
ORD000260,customer00030@example.com,2024-12-08,82.91,Cold brew bottle,2
ORD001620,customer00208@example.com,2024-12-08,148.78,Gift set,2
ORD003604,customer00815@example.com,2024-12-08,51.15,Travel tumbler,2
ORD003561,customer00792@example.com,2024-12-08,14.14,Single-origin beans 250g,1
ORD000354,customer00040@example.com,2024-12-08,58.39,Espresso blend 1kg,1
ORD003658,customer00834@example.com,2024-12-09,28.49,Cold brew bottle,1
ORD002662,customer00530@example.com,2024-12-09,109.91,Pour-over kit,3
ORD003598,customer00812@example.com,2024-12-09,49.9,Travel tumbler,2
ORD003777,customer00894@example.com,2024-12-09,46.72,Pour-over kit,1
ORD003557,customer00791@example.com,2024-12-09,29.46,Cold brew bottle,1
ORD002074,customer00318@example.com,2024-12-09,51.17,Cold brew bottle,2
ORD003534,customer00781@example.com,2024-12-09,14.41,Single-origin beans 250g,1
ORD000272,customer00031@example.com,2024-12-09,92.39,Cold brew bottle,2
ORD000468,customer00052@example.com,2024-12-09,136.06,Travel tumbler,4
ORD001657,customer00218@example.com,2024-12-09,17.48,Ceramic mug,1
ORD000794,customer00088@example.com,2024-12-09,19.07,Ceramic mug,1
ORD001055,customer00119@example.com,2024-12-09,28.48,Travel tumbler,1
ORD000520,customer00057@example.com,2024-12-10,213.64,Gift set,3
ORD003647,customer00829@example.com,2024-12-10,42.75,Pour-over kit,1
ORD002240,customer00358@example.com,2024-12-10,57.46,Single-origin beans 250g,3
ORD000570,customer00063@example.com,2024-12-10,134.87,Pour-over kit,3
ORD003738,customer00877@example.com,2024-12-10,16.75,Ceramic mug,1
ORD003740,customer00878@example.com,2024-12-10,18.44,Single-origin beans 250g,1
ORD003742,customer00879@example.com,2024-12-10,14.86,Single-origin beans 250g,1
ORD003672,customer00839@example.com,2024-12-10,130.73,Travel tumbler,5
ORD000106,customer00012@example.com,2024-12-10,301.07,Pour-over kit,5
ORD002066,customer00317@example.com,2024-12-10,28.46,Travel tumbler,1
ORD000355,customer00040@example.com,2024-12-10,21.55,Single-origin beans 250g,1
ORD003680,customer00843@example.com,2024-12-10,126.43,Espresso blend 1kg,3
ORD002053,customer00313@example.com,2024-12-10,44.25,Espresso blend 1kg,1
ORD003750,customer00884@example.com,2024-12-10,123.94,Espresso blend 1kg,3
ORD002581,customer00467@example.com,2024-12-10,23.15,Ceramic mug,2
ORD000114,customer00013@example.com,2024-12-10,19.04,Single-origin beans 250g,1
ORD000817,customer00092@example.com,2024-12-10,34.05,Cold brew bottle,1
ORD001372,customer00153@example.com,2024-12-10,52.41,Espresso blend 1kg,1
ORD000363,customer00041@example.com,2024-12-10,34.61,Ceramic mug,2
ORD001040,customer00117@example.com,2024-12-11,65.9,Cold brew bottle,2
ORD002115,customer00330@example.com,2024-12-11,89.02,Single-origin beans 250g,5
ORD002096,customer00325@example.com,2024-12-11,35.73,Single-origin beans 250g,2
ORD001273,customer00142@example.com,2024-12-11,40.16,Single-origin beans 250g,2
ORD001748,customer00242@example.com,2024-12-11,32.0,Espresso blend 1kg,1
ORD003781,customer00895@example.com,2024-12-11,50.61,Single-origin beans 250g,3
ORD003744,customer00881@example.com,2024-12-11,87.3,Pour-over kit,2
ORD001543,customer00187@example.com,2024-12-11,56.16,Travel tumbler,2
ORD003681,customer00843@example.com,2024-12-11,25.71,Cold brew bottle,1
ORD003679,customer00842@example.com,2024-12-11,56.09,Cold brew bottle,2
ORD003724,customer00872@example.com,2024-12-11,18.67,Travel tumbler,1
ORD003691,customer00848@example.com,2024-12-11,70.39,Gift set,1
ORD003502,customer00768@example.com,2024-12-11,49.19,Pour-over kit,1
ORD003722,customer00871@example.com,2024-12-11,73.97,Espresso blend 1kg,2
ORD003505,customer00768@example.com,2024-12-11,27.27,Cold brew bottle,1
ORD000560,customer00062@example.com,2024-12-11,41.34,Espresso blend 1kg,1
ORD001872,customer00273@example.com,2024-12-11,68.42,Gift set,1
ORD001384,customer00155@example.com,2024-12-11,32.2,Cold brew bottle,1
ORD001377,customer00154@example.com,2024-12-11,48.33,Ceramic mug,2
ORD003673,customer00839@example.com,2024-12-12,27.76,Travel tumbler,1
ORD001439,customer00163@example.com,2024-12-12,16.24,Ceramic mug,1
ORD003586,customer00807@example.com,2024-12-12,22.73,Travel tumbler,1
ORD002520,customer00430@example.com,2024-12-12,289.62,Gift set,5
ORD003594,customer00811@example.com,2024-12-12,15.42,Ceramic mug,1
ORD001487,customer00174@example.com,2024-12-12,57.24,Gift set,1
ORD001751,customer00243@example.com,2024-12-12,39.1,Espresso blend 1kg,1
ORD002161,customer00341@example.com,2024-12-12,18.5,Single-origin beans 250g,1
ORD000549,customer00061@example.com,2024-12-12,85.07,Gift set,1
ORD003514,customer00774@example.com,2024-12-12,39.82,Pour-over kit,1
ORD003513,customer00773@example.com,2024-12-12,41.91,Espresso blend 1kg,1
ORD003727,customer00873@example.com,2024-12-12,32.57,Cold brew bottle,1
ORD001335,customer00149@example.com,2024-12-12,92.38,Cold brew bottle,2
ORD001667,customer00221@example.com,2024-12-12,55.99,Pour-over kit,2
ORD000650,customer00072@example.com,2024-12-12,60.01,Pour-over kit,1
ORD003552,customer00790@example.com,2024-12-13,38.92,Ceramic mug,2
ORD002626,customer00499@example.com,2024-12-13,32.58,Espresso blend 1kg,1
ORD003701,customer00855@example.com,2024-12-13,53.97,Travel tumbler,2
ORD003725,customer00872@example.com,2024-12-13,63.25,Single-origin beans 250g,4
ORD003676,customer00840@example.com,2024-12-13,61.7,Cold brew bottle,2
ORD003785,customer00896@example.com,2024-12-13,120.93,Cold brew bottle,4
ORD003659,customer00834@example.com,2024-12-13,77.27,Gift set,1
ORD003739,customer00877@example.com,2024-12-13,27.41,Cold brew bottle,1
ORD002536,customer00437@example.com,2024-12-13,30.28,Espresso blend 1kg,1
ORD002356,customer00387@example.com,2024-12-13,52.42,Cold brew bottle,2
ORD003641,customer00827@example.com,2024-12-13,17.85,Travel tumbler,1
ORD001420,customer00160@example.com,2024-12-13,44.83,Espresso blend 1kg,1
ORD003728,customer00873@example.com,2024-12-13,15.42,Single-origin beans 250g,1
ORD000695,customer00077@example.com,2024-12-13,116.85,Cold brew bottle,3
ORD001863,customer00271@example.com,2024-12-13,89.23,Espresso blend 1kg,3
ORD003503,customer00768@example.com,2024-12-13,82.35,Pour-over kit,2
ORD001939,customer00287@example.com,2024-12-13,39.79,Pour-over kit,1
ORD001793,customer00253@example.com,2024-12-14,82.17,Pour-over kit,2
ORD003682,customer00843@example.com,2024-12-14,135.51,Gift set,2
ORD000169,customer00020@example.com,2024-12-14,66.53,Pour-over kit,1
ORD000923,customer00105@example.com,2024-12-14,44.86,Espresso blend 1kg,1
ORD003538,customer00783@example.com,2024-12-14,16.95,Ceramic mug,1
ORD001523,customer00183@example.com,2024-12-14,76.37,Ceramic mug,4
ORD002075,customer00318@example.com,2024-12-14,152.53,Gift set,2
ORD003660,customer00834@example.com,2024-12-14,67.26,Gift set,1
ORD000411,customer00046@example.com,2024-12-14,44.58,Ceramic mug,2
ORD003743,customer00880@example.com,2024-12-14,39.46,Espresso blend 1kg,1
ORD003666,customer00837@example.com,2024-12-14,38.4,Single-origin beans 250g,3
ORD000356,customer00040@example.com,2024-12-14,33.65,Cold brew bottle,1
ORD002669,customer00535@example.com,2024-12-14,16.05,Ceramic mug,1
ORD002080,customer00320@example.com,2024-12-14,32.96,Espresso blend 1kg,1
ORD000721,customer00080@example.com,2024-12-14,108.52,Travel tumbler,3
ORD000243,customer00028@example.com,2024-12-15,32.24,Travel tumbler,1
ORD000278,customer00032@example.com,2024-12-15,89.0,Gift set,1
ORD000458,customer00051@example.com,2024-12-15,119.18,Pour-over kit,2
ORD000225,customer00026@example.com,2024-12-15,41.99,Espresso blend 1kg,1
ORD003747,customer00882@example.com,2024-12-15,26.24,Travel tumbler,1
ORD003575,customer00799@example.com,2024-12-15,76.34,Pour-over kit,2
ORD001837,customer00263@example.com,2024-12-15,79.45,Pour-over kit,2
ORD000381,customer00043@example.com,2024-12-15,97.27,Ceramic mug,4
ORD003599,customer00812@example.com,2024-12-15,16.91,Single-origin beans 250g,1
ORD001216,customer00135@example.com,2024-12-15,49.66,Espresso blend 1kg,1
ORD003504,customer00768@example.com,2024-12-15,37.19,Espresso blend 1kg,1
ORD003705,customer00858@example.com,2024-12-15,59.59,Gift set,1
ORD003668,customer00838@example.com,2024-12-15,94.29,Espresso blend 1kg,2
ORD003558,customer00791@example.com,2024-12-15,39.85,Pour-over kit,1
ORD001961,customer00291@example.com,2024-12-15,44.74,Espresso blend 1kg,1
ORD000588,customer00065@example.com,2024-12-15,28.84,Travel tumbler,1
ORD000619,customer00068@example.com,2024-12-15,164.64,Gift set,2
ORD003729,customer00873@example.com,2024-12-15,40.89,Espresso blend 1kg,1
ORD000829,customer00093@example.com,2024-12-15,86.78,Cold brew bottle,2
ORD002686,customer00549@example.com,2024-12-15,35.99,Single-origin beans 250g,3
ORD003714,customer00865@example.com,2024-12-16,44.72,Pour-over kit,1
ORD000080,customer00009@example.com,2024-12-16,23.77,Single-origin beans 250g,1
ORD001446,customer00165@example.com,2024-12-16,48.07,Travel tumbler,2
ORD001601,customer00202@example.com,2024-12-16,30.48,Single-origin beans 250g,2
ORD002469,customer00416@example.com,2024-12-16,52.87,Cold brew bottle,2
ORD001302,customer00145@example.com,2024-12-16,45.45,Espresso blend 1kg,1
ORD001547,customer00189@example.com,2024-12-16,14.52,Single-origin beans 250g,1
ORD003512,customer00772@example.com,2024-12-16,42.45,Pour-over kit,1
ORD000493,customer00054@example.com,2024-12-16,21.58,Single-origin beans 250g,1
ORD000740,customer00082@example.com,2024-12-16,85.41,Gift set,1
ORD000032,customer00004@example.com,2024-12-16,25.79,Travel tumbler,1
ORD002032,customer00306@example.com,2024-12-16,24.58,Cold brew bottle,1
ORD001639,customer00214@example.com,2024-12-16,62.82,Gift set,1
ORD003595,customer00811@example.com,2024-12-16,78.47,Single-origin beans 250g,5
ORD003762,customer00888@example.com,2024-12-16,42.16,Espresso blend 1kg,1
ORD003528,customer00779@example.com,2024-12-16,12.96,Single-origin beans 250g,1
ORD003535,customer00782@example.com,2024-12-16,37.0,Espresso blend 1kg,1
ORD003548,customer00789@example.com,2024-12-16,53.64,Cold brew bottle,2
ORD000289,customer00033@example.com,2024-12-16,34.93,Cold brew bottle,1
ORD003549,customer00789@example.com,2024-12-16,33.75,Ceramic mug,2
ORD003550,customer00789@example.com,2024-12-16,25.32,Travel tumbler,1
ORD001020,customer00116@example.com,2024-12-17,251.56,Gift set,3
ORD001546,customer00188@example.com,2024-12-17,33.35,Single-origin beans 250g,2
ORD001834,customer00262@example.com,2024-12-17,23.26,Travel tumbler,1
ORD003719,customer00870@example.com,2024-12-17,13.95,Single-origin beans 250g,1
ORD003629,customer00823@example.com,2024-12-17,57.49,Cold brew bottle,2
ORD000838,customer00094@example.com,2024-12-17,39.25,Ceramic mug,2
ORD001465,customer00170@example.com,2024-12-17,39.59,Pour-over kit,1
ORD003607,customer00816@example.com,2024-12-17,64.15,Travel tumbler,3
ORD003715,customer00866@example.com,2024-12-17,42.85,Espresso blend 1kg,1
ORD003537,customer00782@example.com,2024-12-17,14.27,Single-origin beans 250g,1
ORD000302,customer00034@example.com,2024-12-17,82.69,Cold brew bottle,2
ORD000886,customer00100@example.com,2024-12-17,32.59,Travel tumbler,1
ORD003525,customer00777@example.com,2024-12-17,19.0,Ceramic mug,1
ORD001513,customer00180@example.com,2024-12-18,146.99,Pour-over kit,3
ORD003630,customer00824@example.com,2024-12-18,82.22,Espresso blend 1kg,2
ORD003769,customer00891@example.com,2024-12-18,19.32,Ceramic mug,1
ORD003698,customer00852@example.com,2024-12-18,41.92,Pour-over kit,1
ORD001163,customer00130@example.com,2024-12-18,35.47,Cold brew bottle,1
ORD002784,customer00623@example.com,2024-12-18,38.98,Ceramic mug,3
ORD003696,customer00851@example.com,2024-12-18,52.31,Travel tumbler,2
ORD003515,customer00774@example.com,2024-12-18,36.98,Espresso blend 1kg,1
ORD003554,customer00790@example.com,2024-12-19,20.77,Single-origin beans 250g,1
ORD003562,customer00792@example.com,2024-12-19,70.84,Gift set,1
ORD001844,customer00265@example.com,2024-12-19,87.86,Cold brew bottle,3
ORD003508,customer00770@example.com,2024-12-19,38.45,Espresso blend 1kg,1
ORD003570,customer00797@example.com,2024-12-19,118.59,Cold brew bottle,4
ORD002473,customer00417@example.com,2024-12-19,15.33,Ceramic mug,1
ORD001243,customer00139@example.com,2024-12-19,59.49,Pour-over kit,1
ORD003745,customer00881@example.com,2024-12-19,67.79,Gift set,1
ORD003536,customer00782@example.com,2024-12-19,17.39,Ceramic mug,1
ORD003718,customer00869@example.com,2024-12-19,43.23,Travel tumbler,2
ORD001244,customer00139@example.com,2024-12-19,35.68,Cold brew bottle,1
ORD003553,customer00790@example.com,2024-12-19,35.44,Single-origin beans 250g,2
ORD003683,customer00844@example.com,2024-12-19,57.07,Cold brew bottle,2
ORD002457,customer00413@example.com,2024-12-20,21.09,Ceramic mug,1
ORD001973,customer00294@example.com,2024-12-20,40.58,Ceramic mug,2
ORD003707,customer00859@example.com,2024-12-20,55.83,Cold brew bottle,2
ORD001720,customer00236@example.com,2024-12-20,63.38,Ceramic mug,3
ORD003770,customer00891@example.com,2024-12-20,24.28,Cold brew bottle,1
ORD003710,customer00861@example.com,2024-12-20,16.36,Single-origin beans 250g,1
ORD001904,customer00279@example.com,2024-12-20,147.03,Gift set,2
ORD000040,customer00005@example.com,2024-12-20,17.41,Ceramic mug,1
ORD001522,customer00182@example.com,2024-12-20,25.91,Single-origin beans 250g,2
ORD003596,customer00811@example.com,2024-12-20,29.99,Cold brew bottle,1
ORD000705,customer00078@example.com,2024-12-20,48.81,Ceramic mug,2
ORD003520,customer00776@example.com,2024-12-20,230.39,Gift set,4
ORD003622,customer00822@example.com,2024-12-20,45.29,Pour-over kit,1
ORD003684,customer00844@example.com,2024-12-20,36.23,Pour-over kit,1
ORD001654,customer00217@example.com,2024-12-20,51.32,Single-origin beans 250g,3
ORD003685,customer00844@example.com,2024-12-21,25.58,Travel tumbler,1
ORD001784,customer00250@example.com,2024-12-21,28.64,Travel tumbler,1
ORD003541,customer00785@example.com,2024-12-21,54.09,Cold brew bottle,2
ORD000659,customer00073@example.com,2024-12-21,20.33,Single-origin beans 250g,1
ORD003664,customer00836@example.com,2024-12-21,131.67,Gift set,2
ORD000320,customer00036@example.com,2024-12-21,71.94,Cold brew bottle,2
ORD003551,customer00789@example.com,2024-12-21,24.8,Travel tumbler,1
ORD002082,customer00321@example.com,2024-12-21,75.52,Espresso blend 1kg,2
ORD000808,customer00090@example.com,2024-12-21,33.44,Cold brew bottle,1
ORD000752,customer00083@example.com,2024-12-21,64.01,Pour-over kit,1
ORD003579,customer00802@example.com,2024-12-21,18.45,Single-origin beans 250g,1
ORD003633,customer00825@example.com,2024-12-21,18.46,Single-origin beans 250g,1
ORD001672,customer00223@example.com,2024-12-21,181.09,Espresso blend 1kg,4
ORD003559,customer00791@example.com,2024-12-21,61.9,Espresso blend 1kg,2
ORD002046,customer00310@example.com,2024-12-21,79.17,Travel tumbler,3
ORD001899,customer00278@example.com,2024-12-22,41.39,Espresso blend 1kg,1
ORD003771,customer00892@example.com,2024-12-22,39.51,Single-origin beans 250g,3
ORD002496,customer00423@example.com,2024-12-22,57.39,Cold brew bottle,2
ORD000120,customer00014@example.com,2024-12-22,83.51,Gift set,1
ORD002492,customer00422@example.com,2024-12-22,17.82,Ceramic mug,1
ORD001127,customer00127@example.com,2024-12-22,23.03,Single-origin beans 250g,1
ORD001108,customer00125@example.com,2024-12-22,113.02,Espresso blend 1kg,2
ORD002533,customer00435@example.com,2024-12-22,28.28,Pour-over kit,1
ORD001690,customer00228@example.com,2024-12-22,17.64,Single-origin beans 250g,1
ORD002637,customer00508@example.com,2024-12-22,24.26,Cold brew bottle,1
ORD001311,customer00146@example.com,2024-12-22,76.03,Gift set,1
ORD003529,customer00779@example.com,2024-12-22,15.62,Single-origin beans 250g,1
ORD002052,customer00312@example.com,2024-12-22,18.47,Single-origin beans 250g,1
ORD003527,customer00778@example.com,2024-12-22,64.31,Espresso blend 1kg,2
ORD002002,customer00299@example.com,2024-12-23,25.91,Travel tumbler,1
ORD002587,customer00472@example.com,2024-12-23,34.35,Pour-over kit,1
ORD001109,customer00125@example.com,2024-12-23,62.91,Single-origin beans 250g,3
ORD001717,customer00235@example.com,2024-12-23,36.94,Single-origin beans 250g,2
ORD000789,customer00087@example.com,2024-12-23,43.58,Espresso blend 1kg,1
ORD003587,customer00807@example.com,2024-12-23,44.1,Cold brew bottle,2
ORD003703,customer00857@example.com,2024-12-23,20.3,Ceramic mug,1
ORD003692,customer00849@example.com,2024-12-23,79.16,Travel tumbler,3
ORD003793,customer00899@example.com,2024-12-23,36.25,Espresso blend 1kg,1
ORD000881,customer00099@example.com,2024-12-23,114.61,Pour-over kit,2
ORD001614,customer00205@example.com,2024-12-23,37.52,Travel tumbler,2
ORD003521,customer00776@example.com,2024-12-23,18.88,Single-origin beans 250g,1
ORD003516,customer00774@example.com,2024-12-23,17.1,Ceramic mug,1
ORD002292,customer00370@example.com,2024-12-23,139.73,Espresso blend 1kg,4
ORD000187,customer00022@example.com,2024-12-23,24.3,Ceramic mug,1
ORD000139,customer00016@example.com,2024-12-23,76.56,Cold brew bottle,2
ORD000539,customer00060@example.com,2024-12-23,169.37,Espresso blend 1kg,3
ORD000156,customer00019@example.com,2024-12-23,43.42,Espresso blend 1kg,1
ORD000151,customer00018@example.com,2024-12-23,24.71,Single-origin beans 250g,1
ORD001217,customer00136@example.com,2024-12-24,58.62,Pour-over kit,1
ORD002638,customer00509@example.com,2024-12-24,117.37,Gift set,2
ORD001190,customer00132@example.com,2024-12-24,100.96,Gift set,1
ORD000959,customer00109@example.com,2024-12-24,131.1,Pour-over kit,2
ORD003651,customer00831@example.com,2024-12-24,18.27,Ceramic mug,1
ORD002270,customer00365@example.com,2024-12-24,126.2,Gift set,2
ORD001540,customer00186@example.com,2024-12-24,133.16,Pour-over kit,3
ORD003576,customer00800@example.com,2024-12-24,34.4,Cold brew bottle,1
ORD002710,customer00569@example.com,2024-12-24,23.6,Cold brew bottle,1
ORD000290,customer00033@example.com,2024-12-24,37.88,Cold brew bottle,1
ORD003648,customer00829@example.com,2024-12-24,87.93,Pour-over kit,2
ORD003547,customer00788@example.com,2024-12-24,62.45,Gift set,1
ORD000611,customer00067@example.com,2024-12-24,313.01,Gift set,4
ORD000403,customer00045@example.com,2024-12-24,37.19,Cold brew bottle,1
ORD003678,customer00841@example.com,2024-12-24,80.51,Pour-over kit,2
ORD000047,customer00006@example.com,2024-12-25,130.57,Travel tumbler,4
ORD001629,customer00211@example.com,2024-12-25,54.44,Travel tumbler,2
ORD001926,customer00285@example.com,2024-12-25,37.83,Espresso blend 1kg,1
ORD000711,customer00079@example.com,2024-12-25,22.36,Ceramic mug,1
ORD003669,customer00838@example.com,2024-12-25,50.25,Cold brew bottle,2
ORD003711,customer00862@example.com,2024-12-25,28.64,Ceramic mug,2
ORD003686,customer00844@example.com,2024-12-25,56.71,Cold brew bottle,2
ORD001945,customer00288@example.com,2024-12-25,30.09,Cold brew bottle,1
ORD001996,customer00298@example.com,2024-12-25,23.39,Travel tumbler,1
ORD000200,customer00023@example.com,2024-12-25,23.58,Single-origin beans 250g,1
ORD003532,customer00780@example.com,2024-12-25,72.99,Espresso blend 1kg,2
ORD003555,customer00790@example.com,2024-12-25,29.06,Ceramic mug,2
ORD003563,customer00792@example.com,2024-12-26,65.62,Gift set,1
ORD003601,customer00814@example.com,2024-12-26,43.16,Espresso blend 1kg,1
ORD000994,customer00113@example.com,2024-12-26,40.67,Single-origin beans 250g,2
ORD003581,customer00803@example.com,2024-12-26,16.1,Single-origin beans 250g,1
ORD003585,customer00806@example.com,2024-12-26,27.67,Cold brew bottle,1
ORD000337,customer00038@example.com,2024-12-26,83.07,Gift set,1
ORD003530,customer00779@example.com,2024-12-26,37.87,Pour-over kit,1
ORD000369,customer00042@example.com,2024-12-26,51.03,Ceramic mug,2
ORD001789,customer00252@example.com,2024-12-26,68.29,Gift set,1
ORD003741,customer00878@example.com,2024-12-26,36.47,Espresso blend 1kg,1
ORD003634,customer00826@example.com,2024-12-26,34.4,Cold brew bottle,1
ORD003615,customer00819@example.com,2024-12-26,30.28,Cold brew bottle,1
ORD003670,customer00838@example.com,2024-12-26,30.26,Single-origin beans 250g,2
ORD001342,customer00150@example.com,2024-12-26,32.09,Cold brew bottle,1
ORD002368,customer00391@example.com,2024-12-26,27.02,Cold brew bottle,1
ORD003635,customer00826@example.com,2024-12-26,52.23,Gift set,1
ORD000602,customer00066@example.com,2024-12-26,24.3,Ceramic mug,1
ORD003639,customer00826@example.com,2024-12-26,25.05,Travel tumbler,1
ORD003636,customer00826@example.com,2024-12-26,61.47,Cold brew bottle,2
ORD000107,customer00012@example.com,2024-12-27,360.47,Gift set,4
ORD003674,customer00839@example.com,2024-12-27,24.94,Single-origin beans 250g,2
ORD003499,customer00766@example.com,2024-12-27,39.87,Espresso blend 1kg,1
ORD001451,customer00166@example.com,2024-12-27,100.4,Pour-over kit,2
ORD002067,customer00317@example.com,2024-12-27,115.79,Gift set,2
ORD003569,customer00796@example.com,2024-12-27,16.01,Single-origin beans 250g,1
ORD002120,customer00332@example.com,2024-12-27,200.95,Gift set,3
ORD003787,customer00897@example.com,2024-12-27,62.16,Gift set,1
ORD002728,customer00582@example.com,2024-12-27,12.98,Single-origin beans 250g,1
ORD002262,customer00363@example.com,2024-12-27,62.4,Travel tumbler,3
ORD003637,customer00826@example.com,2024-12-27,69.66,Gift set,1
ORD001916,customer00282@example.com,2024-12-28,19.62,Single-origin beans 250g,1
ORD003699,customer00853@example.com,2024-12-28,13.95,Ceramic mug,1
ORD000058,customer00007@example.com,2024-12-28,28.04,Travel tumbler,1
ORD003671,customer00838@example.com,2024-12-28,16.4,Single-origin beans 250g,1
ORD003712,customer00863@example.com,2024-12-28,42.48,Pour-over kit,1
ORD002521,customer00430@example.com,2024-12-28,19.09,Cold brew bottle,1
ORD003616,customer00820@example.com,2024-12-28,66.55,Gift set,1
ORD003577,customer00800@example.com,2024-12-28,64.61,Gift set,1
ORD002253,customer00361@example.com,2024-12-28,73.08,Gift set,1
ORD002701,customer00560@example.com,2024-12-28,47.27,Cold brew bottle,2
ORD003539,customer00784@example.com,2024-12-28,34.28,Cold brew bottle,1
ORD002280,customer00368@example.com,2024-12-28,27.58,Cold brew bottle,1
ORD003580,customer00802@example.com,2024-12-28,18.42,Ceramic mug,1
ORD003556,customer00790@example.com,2024-12-28,42.37,Ceramic mug,2
ORD000508,customer00056@example.com,2024-12-28,104.05,Espresso blend 1kg,2
ORD003522,customer00776@example.com,2024-12-28,46.41,Travel tumbler,2
ORD003600,customer00813@example.com,2024-12-28,114.38,Pour-over kit,3
ORD001095,customer00123@example.com,2024-12-29,80.31,Gift set,1
ORD001021,customer00116@example.com,2024-12-29,424.85,Gift set,5
ORD001041,customer00117@example.com,2024-12-29,22.93,Ceramic mug,1
ORD003753,customer00885@example.com,2024-12-29,37.98,Single-origin beans 250g,2
ORD003675,customer00839@example.com,2024-12-29,13.55,Single-origin beans 250g,1
ORD003667,customer00837@example.com,2024-12-29,40.68,Espresso blend 1kg,1
ORD003663,customer00835@example.com,2024-12-29,25.62,Cold brew bottle,1
ORD003584,customer00805@example.com,2024-12-29,38.98,Pour-over kit,1
ORD000914,customer00104@example.com,2024-12-30,24.35,Ceramic mug,1
ORD003720,customer00870@example.com,2024-12-30,66.87,Gift set,1
ORD003717,customer00868@example.com,2024-12-30,44.76,Pour-over kit,1
ORD003645,customer00828@example.com,2024-12-30,72.95,Gift set,1
ORD003638,customer00826@example.com,2024-12-30,39.74,Single-origin beans 250g,2
ORD000425,customer00047@example.com,2024-12-30,24.33,Ceramic mug,1
ORD001618,customer00207@example.com,2024-12-30,26.0,Cold brew bottle,1
ORD003540,customer00784@example.com,2024-12-30,27.88,Cold brew bottle,1
ORD001101,customer00124@example.com,2024-12-30,59.73,Cold brew bottle,2
ORD001900,customer00278@example.com,2024-12-30,39.62,Espresso blend 1kg,1
ORD003733,customer00875@example.com,2024-12-31,72.14,Gift set,1
